item,description,price_thb,discount_pct,sale_price_thb,promo,source_image,needs_review,source_file
10280,Flower Bouquet V29,2990,,,Buy 1 Get 1,img_b995aa345698.jpeg,0,10280.csv
10281,tbd Icon Lifestyle -2-2021 V29,2790,,,Buy 1 Get 1,img_b995aa345698.jpeg,0,10280.csv
10284,The A-Frame -Wall-Building- 2021 V29,31990,20,25592.00,,img_b995aa345698.jpeg,0,10280.csv
10285,tbd-TRU-IP-CARS-2021,7390,25,5542.50,,img_b995aa345698.jpeg,0,10280.csv
10307,LEGO 10307 F1 Trailer,26990,20,21592.00,,img_b995aa345698.jpeg,0,10280.csv
10308,LEGO 10308 Christmas High Street,4390,70,1317.00,,img_b995aa345698.jpeg,0,10280.csv
10309,10309 Succulents V29,1885,,,Buy 1 Get 1,img_b995aa345698.jpeg,0,10280.csv
10311,Orchid Plant Decor Building Kit (608 pcs) V29,2790,,,Buy 1 Get 1,img_b995aa345698.jpeg,0,10280.csv
10313,10313 Wildflower Bouquet V29,3190,,,Buy 1 Get 1,img_b995aa345698.jpeg,0,10280.csv
10315,10315 Tranquil Garden V29,5490,25,4117.50,,img_b995aa345698.jpeg,0,10280.csv
10318,10318 Concord -2023,8790,20,7032.00,,img_b995aa345698.jpeg,0,10280.csv
10326,10326 Natural History Museum,13090,20,10472.00,,img_b995aa345698.jpeg,0,10280.csv
10328,10328 Bouquet of Rose,3190,,,Buy 1 Get 1,img_b995aa345698.jpeg,0,10280.csv
10329,10329 Tiny Plants,2790,,,Buy 1 Get 1,img_b995aa345698.jpeg,0,10280.csv
10330,10330 McLaren MP4/4 & Ayrton Senna,4290,30,3003.00,,img_b995aa345698.jpeg,0,10280.csv
10338,10338 Bumblebee,3690,20,2952.00,,img_b995aa345698.jpeg,0,10280.csv
10340,10340 Wreath-Making Kit Holiday Home Decor Si,3690,,,Buy 1 Get 1,img_b995aa345698.jpeg,0,10280.csv
10342,10342 Pretty Pink Flower Bouquet V29,3190,,,Buy 1 Get 1,img_b995aa345698.jpeg,0,10280.csv
10343,10343 Mini Orchid V29,1590,,,Buy 1 Get 1,img_b995aa345698.jpeg,0,10280.csv
10344,10344 Lucky Bamboo V29,1590,,,Buy 1 Get 1,img_b995aa345698.jpeg,0,10280.csv
10345,10345 Flower Arrangement V29,4790,,,Buy 1 Get 1,img_b995aa345698.jpeg,0,10280.csv
10347,10347 Petal Sunset Bouquet V29,1590,,,Buy 1 Get 1,img_b995aa345698.jpeg,0,10280.csv
10348,10348 Japanese Red Maple Bonsai Tree V29,3190,,,Buy 1 Get 1,img_b995aa345698.jpeg,0,10280.csv
10349,10349 Happy Plants V29,1090,,,Buy 1 Get 1,img_b995aa345698.jpeg,0,10280.csv
10350,10350 Icons 10350 V29,10090,25,7567.50,,img_b995aa345698.jpeg,0,10280.csv
10351,10351 Sherlock Holmes: Book Nook,6790,20,5432.00,,img_b995aa345698.jpeg,0,10280.csv
10352,10352 The Simpsons Krusty Burger,8790,30,6153.00,,img_b995aa345698.jpeg,0,10280.csv
10353,10353 Williams Racing FW14B & Nigel Mansell,3100,30,2170.00,,img_b995aa345698.jpeg,0,10280.csv
10354,10354 Icons The Lord of the Rings: The Shire,12090,30,8463.00,,img_b995aa345698.jpeg,0,10280.csv
10355,10355 Icons 10355 V29,3890,40,2334.00,,img_b995aa345698.jpeg,0,10280.csv
10356,10356 Icons 10356 V29,16690,25,12517.50,,img_b995aa345698.jpeg,0,10280.csv
10357,10357 Icons 10357 V29,6590,30,4613.00,,img_b995aa345698.jpeg,0,10280.csv
10358,10358 Icons Transformers: Soundwave,7890,25,5892.50,,img_b995aa345698.jpeg,1,10280.csv
10359,10359 Icons 10359 V29,4300,40,2580.00,,img_b995aa345698.jpeg,0,10280.csv
10360,10360 Shuttle Carrier Aircraft,10090,20,8072.00,,img_b995aa345698.jpeg,0,10280.csv
10361,10361 Icons 10361 V29,5490,25,4117.50,,img_b995aa345698.jpeg,0,10280.csv
10365,10365 Icons 10365 V29,16990,30,11893.00,,img_b995aa345698.jpeg,0,10280.csv
10366,10366 Icons 10366 V29,19490,25,14617.50,,img_b995aa345698.jpeg,0,10280.csv
10367,10367 The Lord of the Rings: Balrog Book Nook,6790,30,4753.00,,img_b995aa345698.jpeg,0,10280.csv
10368,10368 Chrysanthemum,1590,,,Buy 1 Get 1,img_b995aa345698.jpeg,0,10280.csv
10369,10369 Plumeria Blossom,1590,,,Buy 1 Get 1,img_b995aa345698.jpeg,0,10280.csv
10370,10370 Poinsettia Plant Decor Building Set 10370,1890,,,Buy 1 Get 1,img_b995aa345698.jpeg,0,10280.csv
10372,10372 Hibiscus V29,3190,,,Buy 1 Get 1,img_b995aa345698.jpeg,0,10280.csv
10373,10373 Mini Bonsai Trees V29,3190,,,Buy 1 Get 1,img_b995aa345698.jpeg,0,10280.csv
10374,10374 Bouquet of Pink Roses V29,3190,,,Buy 1 Get 1,img_b995aa345698.jpeg,0,10280.csv
10375,Icons 10375 V29,3090,25,2317.50,,img_069efd0e6ddd.jpeg,0,10375.csv
10391,10391 Over the Moon with Pharrell Williams,4090,30,2863.00,,img_069efd0e6ddd.jpeg,0,10375.csv
10411,10411 Learn About Chinese Culture V29,3490,70,1047.00,,img_069efd0e6ddd.jpeg,0,10375.csv
10412,10412 Animal Train V29,1090,30,763.00,,img_069efd0e6ddd.jpeg,0,10375.csv
10413,10413 Daily Routines: Eating & Bed.. V29,1290,50,645.00,,img_069efd0e6ddd.jpeg,0,10375.csv
10414,10414 Big Feelings & Emotions V29,1290,50,645.00,,img_069efd0e6ddd.jpeg,0,10375.csv
10415,10415 Brick Train,2790,50,1395.00,,img_069efd0e6ddd.jpeg,0,10375.csv
10422,10422 Space People with Big Em.. V29,2390,50,1195.00,,img_069efd0e6ddd.jpeg,0,10375.csv
10423,10423 Buildable People with Big Em.. V29,990,30,693.00,,img_069efd0e6ddd.jpeg,0,10375.csv
10425,10425 Train Tunnel and Tracks Expa.. V29,2090,30,1463.00,,img_069efd0e6ddd.jpeg,0,10375.csv
10426,10426 Train Bridge and Tracks Expa.. V29,4290,30,3003.00,,img_069efd0e6ddd.jpeg,0,10375.csv
10427,10427 Interactive Adventure Train V29,7790,30,5453.00,,img_069efd0e6ddd.jpeg,0,10375.csv
10428,10428 Big Interactive Community Tr.. V29,3890,50,1945.00,,img_069efd0e6ddd.jpeg,0,10375.csv
10435,10435 Ariel's Magical Underwater P.. V29,990,30,693.00,,img_069efd0e6ddd.jpeg,0,10375.csv
10440,10440 Balancing & Stacking Tree V29,1590,40,954.00,,img_069efd0e6ddd.jpeg,0,10375.csv
10441,10441 Shape Sorter: Puppy House V29,1590,30,1113.00,,img_069efd0e6ddd.jpeg,0,10375.csv
10443,10443 First Time at the Airport V29,900,30,630.00,,img_069efd0e6ddd.jpeg,0,10375.csv
10444,10444 Creative Garden & Flowers V29,2490,30,1743.00,,img_069efd0e6ddd.jpeg,0,10375.csv
10445,10445 DUPLO Town V29,900,30,630.00,,img_069efd0e6ddd.jpeg,0,10375.csv
10447,10447 Ambulance & Driver V29,1790,40,1074.00,,img_069efd0e6ddd.jpeg,0,10375.csv
10448,10448 3in1 Animals on Wheels V29,1700,30,1190.00,,img_069efd0e6ddd.jpeg,0,10375.csv
10449,10449 First Time: Visit with the D.. V29,2190,40,1314.00,,img_069efd0e6ddd.jpeg,0,10375.csv
10450,10450 Happy's Castle Game V29,3890,40,2334.00,,img_069efd0e6ddd.jpeg,0,10375.csv
10451,10451 3in1 Dinosaurs on Wheels V29,2790,40,1674.00,,img_069efd0e6ddd.jpeg,0,10375.csv
10453,10453 Funfan,990,40,594.00,,img_069efd0e6ddd.jpeg,0,10375.csv
10454,10454 Mickey Mouse Clubhouse & Car,3190,30,2233.00,,img_069efd0e6ddd.jpeg,0,10375.csv
10455,10455 Anna and Elsa's Frozen Castl.. V29,1590,30,1113.00,,img_069efd0e6ddd.jpeg,0,10375.csv
10456,10456 McQueen's Visit to Doc's Gar.. V29,990,40,594.00,,img_069efd0e6ddd.jpeg,0,10375.csv
10457,10457 Winnie the Pooh's Birthday Party,690,30,483.00,,img_069efd0e6ddd.jpeg,0,10375.csv
10460,10460 GREEN BUILDING PLATE,2790,15,2371.50,,img_069efd0e6ddd.jpeg,0,10375.csv
10461,10461 Garuda Pig's Garden and Gre.. V29,4290,30,3003.00,,img_069efd0e6ddd.jpeg,0,10375.csv
10464,10464 Team Spidey Webquarters,2190,30,1533.00,,img_069efd0e6ddd.jpeg,0,10375.csv
10465,10465 Mickey Mouse Clubhouse with.. V29,2490,20,1992.00,,img_069efd0e6ddd.jpeg,0,10375.csv
10466,10466 Train Bridge with Giraffe Pig.. V29,3890,30,2723.00,,img_069efd0e6ddd.jpeg,0,10375.csv
10467,10467 Family House V29,1290,30,903.00,,img_069efd0e6ddd.jpeg,0,10375.csv
10469,10469 Pizza Grid with Muffin and Bluey,4290,30,3003.00,,img_069efd0e6ddd.jpeg,0,10375.csv
10470,10470 3 in 1 Modern Family Home w.. V29,2790,15,2371.50,,img_069efd0e6ddd.jpeg,0,10375.csv
10472,10472 Animal Building Game,1390,30,973.00,,img_069efd0e6ddd.jpeg,0,10375.csv
10473,10473 Fire Truck with Hose and Fir.. V29,790,20,632.00,,img_069efd0e6ddd.jpeg,0,10375.csv
10475,10475 3 in 1 Construction Vehicles V29,4790,30,3353.00,,img_069efd0e6ddd.jpeg,0,10375.csv
10476,10476 3 in 1 Construction Site and.. V29,490,30,343.00,,img_069efd0e6ddd.jpeg,0,10375.csv
10477,10477 3 in 1 Creative Cute Pets V29,3890,15,3306.50,,img_069efd0e6ddd.jpeg,0,10375.csv
10478,10478 3 in 1 Creative Rampe with Vehicles,1090,15,926.50,,img_069efd0e6ddd.jpeg,0,10375.csv
10479,10479 Colorful Creative Box,4290,15,3646.50,,img_069efd0e6ddd.jpeg,0,10375.csv
10480,10480 Discovery Forest with Wild Animals,2790,15,2371.50,,img_069efd0e6ddd.jpeg,0,10375.csv
10696,LEGO MEDIUM CREATIVE BRICK BOX 10696,1700,30,1190.00,,img_069efd0e6ddd.jpeg,0,10375.csv
10698,LEGO LARGE CREATIVE BRICK BOX 10698,2790,30,1953.00,,img_069efd0e6ddd.jpeg,0,10375.csv
10788,Gabby's Dollhouse V29,4290,40,2574.00,,img_f5fede197763.jpeg,0,10788.csv
10913,Brick Box V29,1490,30,1043.00,,img_f5fede197763.jpeg,0,10788.csv
10914,Deluxe Brick Box V29,2790,30,1953.00,,img_f5fede197763.jpeg,0,10788.csv
10954,Number Train - Learn To Count V29,990,30,693.00,,img_f5fede197763.jpeg,0,10788.csv
10977,My First Puppy & Kitten With.. V29,1820,50,910.00,,img_f5fede197763.jpeg,0,10788.csv
10981,Growing Carrot V29,400,50,200.00,,img_f5fede197763.jpeg,0,10788.csv
10997,Camping Adventure V29,2190,50,1095.00,,img_f5fede197763.jpeg,0,10788.csv
11023,Green Baseplate V29,490,30,343.00,,img_f5fede197763.jpeg,0,10788.csv
11024,Gray Baseplate V29,790,30,553.00,,img_f5fede197763.jpeg,0,10788.csv
11025,Blue Baseplate V29,490,30,343.00,,img_f5fede197763.jpeg,0,10788.csv
11026,White Baseplate V29,490,30,343.00,,img_f5fede197763.jpeg,0,10788.csv
11036,Creative Vehicles V29,2890,30,2023.00,,img_f5fede197763.jpeg,0,10788.csv
11039,Creative Food Friends V29,490,30,343.00,,img_f5fede197763.jpeg,0,10788.csv
11040,Magical Transparent Box,1090,30,763.00,,img_f5fede197763.jpeg,0,10788.csv
11041,Creative Dinosaurs V29,1790,30,1253.00,,img_f5fede197763.jpeg,0,10788.csv
11044,Creative Build-and-Play Box,2190,30,1533.00,,img_f5fede197763.jpeg,0,10788.csv
11045,Creative Colorful Bricks,2790,30,1953.00,,img_f5fede197763.jpeg,0,10788.csv
11200,Spidey and Gabby's Raptor Ba.. V29,2890,30,2023.00,,img_f5fede197763.jpeg,0,10788.csv
11205,Sweet Treat Mountain & Kitty.. V29,2590,40,1554.00,,img_f5fede197763.jpeg,0,10788.csv
11207,Spidey: Underwater Vehicles V29,1790,30,1253.00,,img_f5fede197763.jpeg,0,10788.csv
11208,Team Spidey Pirate Ship V29,2790,30,1953.00,,img_f5fede197763.jpeg,0,10788.csv
11209,Ultron vs. Iron Man,1090,15,926.50,,img_f5fede197763.jpeg,0,10788.csv
11211,Loki vs. Team Iron Man,2790,15,2371.50,,img_f5fede197763.jpeg,0,10788.csv
11212,75455 Boba Fett,790,15,671.50,,img_f5fede197763.jpeg,0,10788.csv
11214,Fairy Roller Coaster and Tea Party,1790,15,1521.50,,img_f5fede197763.jpeg,0,10788.csv
11215,Gabby's Brick-Built Cat Frie.. V29,2790,30,1953.00,,img_f5fede197763.jpeg,0,10788.csv
11370,ICONS 11370 V29,12290,20,9832.00,,img_f5fede197763.jpeg,0,10788.csv
11371,ICONS 11371 V29,11090,20,8872.00,,img_f5fede197763.jpeg,0,10788.csv
11372,ICONS 11372 V29,5890,20,4712.00,,img_f5fede197763.jpeg,0,10788.csv
11373,Sauron Helmet Lord of the ring,3190,20,2552.00,,img_f5fede197763.jpeg,0,10788.csv
11374,Arcade Pinball Machine,9290,15,7896.50,,img_f5fede197763.jpeg,0,10788.csv
11375,Michael Schumacher,3890,20,3112.00,,img_f5fede197763.jpeg,0,10788.csv
11376,Ford Model T Car,5990,20,4792.00,,img_f5fede197763.jpeg,0,10788.csv
11377,The Lord of the Rings: Minas Tirith,29190,15,24811.50,,img_f5fede197763.jpeg,0,10788.csv
11378,ICONS 11378 V29,9790,20,7832.00,,img_f5fede197763.jpeg,0,10788.csv
11380,Road Bike,6390,15,5431.50,,img_f5fede197763.jpeg,0,10788.csv
11381,Jaguar E-Type,6290,15,5346.50,,img_f5fede197763.jpeg,0,10788.csv
11382,Hubble Space Telescope,5990,15,5091.50,,img_f5fede197763.jpeg,0,10788.csv
11383,Mayor Manor,4790,0,4790.00,,img_f5fede197763.jpeg,0,10788.csv
11384,ICONS Golden Retriever Puppy,7790,20,6232.00,,img_f5fede197763.jpeg,0,10788.csv
11386,SpongeBob SquarePants: Bikini Bottom,9290,0,9290.00,,img_f5fede197763.jpeg,0,10788.csv
11501,Tulip Bouquet V29,3190,,,Buy 1 Get 1,img_f5fede197763.jpeg,0,10788.csv
11502,Sunflower Bouquet V29,2590,,,Buy 1 Get 1,img_f5fede197763.jpeg,0,10788.csv
11503,Flower Wall V29,3890,,,Buy 1 Get 1,img_f5fede197763.jpeg,0,10788.csv
11504,Peace Lily V29,3190,,,Buy 1 Get 1,img_f5fede197763.jpeg,0,10788.csv
11505,Woodland Mushrooms,4290,,,Buy 1 Get 1,img_f5fede197763.jpeg,0,10788.csv
11506,Rocking Plants V29,1090,,,Buy 1 Get 1,img_eeff0f3cab11.jpeg,0,11506.csv
11507,Editions Olivia Rodrigo's Flower Bouquet,2490,,,Buy 1 Get 1,img_eeff0f3cab11.jpeg,0,11506.csv
11508,Daisies V29,490,,,Buy 1 Get 1,img_eeff0f3cab11.jpeg,0,11506.csv
11509,Flowering Cactus V29,990,,,Buy 1 Get 1,img_eeff0f3cab11.jpeg,0,11506.csv
11510,Magnolia Branches V29,2190,,,Buy 1 Get 1,img_eeff0f3cab11.jpeg,0,11506.csv
11511,Water Lilies,2190,,,Buy 1 Get 1,img_eeff0f3cab11.jpeg,0,11506.csv
11512,Hanging Golden Pothos,3190,,,Buy 1 Get 1,img_eeff0f3cab11.jpeg,0,11506.csv
11513,Dark Flower Arrangement,3190,,,Buy 1 Get 1,img_eeff0f3cab11.jpeg,0,11506.csv
11514,Cosmos Flowers,790,,,Buy 1 Get 1,img_eeff0f3cab11.jpeg,0,11506.csv
21058,tbd-Architecture-2-2022 V29,7490,30,5243.00,,img_eeff0f3cab11.jpeg,0,11506.csv
21060,Himeji Castle V29,8790,30,6153.00,,img_eeff0f3cab11.jpeg,0,11506.csv
21061,Notre-Dame de Paris V29,12490,30,8743.00,,img_eeff0f3cab11.jpeg,0,11506.csv
21062,Trafalgar Square,8790,30,6153.00,,img_eeff0f3cab11.jpeg,0,11506.csv
21063,Architecture 21063 V29,14890,30,10423.00,,img_eeff0f3cab11.jpeg,0,11506.csv
21064,ARCHITECTURE 21064 V29,4290,30,3003.00,,img_eeff0f3cab11.jpeg,0,11506.csv
21066,ARCHITECTURE 21066,7790,20,6232.00,,img_eeff0f3cab11.jpeg,0,11506.csv
21067,ARCHITECTURE 21067,16190,15,13761.50,,img_eeff0f3cab11.jpeg,0,11506.csv
21266,The Nether Lava Battle V29,490,30,343.00,,img_eeff0f3cab11.jpeg,0,11506.csv
21267,The Illager Desert Patrol V29,790,30,553.00,,img_eeff0f3cab11.jpeg,0,11506.csv
21268,The Baby Pig House V29,1090,30,763.00,,img_eeff0f3cab11.jpeg,0,11506.csv
21269,The Armadillo Mine Expedition V29,1590,40,954.00,,img_eeff0f3cab11.jpeg,0,11506.csv
21270,The Mooshroom House V29,2790,30,1953.00,,img_eeff0f3cab11.jpeg,0,11506.csv
21271,The Trial Chamber,1690,30,1183.00,,img_eeff0f3cab11.jpeg,0,11506.csv
21272,Woodland Mansion Fighting Ring,2790,30,1953.00,,img_eeff0f3cab11.jpeg,0,11506.csv
21273,The Ghast Balloon Village Attack,3890,40,2334.00,,img_eeff0f3cab11.jpeg,0,11506.csv
21274,The Warden Encounter V29,1090,30,763.00,,img_eeff0f3cab11.jpeg,0,11506.csv
21275,The TNT Jungle House V29,1590,30,1113.00,,img_eeff0f3cab11.jpeg,0,11506.csv
21276,The Creeper V29,2190,30,1533.00,,img_eeff0f3cab11.jpeg,0,11506.csv
21277,The Pickaxe Mine V29,2890,30,2023.00,,img_eeff0f3cab11.jpeg,0,11506.csv
21278,The Pillager Outpost and Rav.. V29,4290,30,3003.00,,img_eeff0f3cab11.jpeg,0,11506.csv
21279,The Enderman Tower V29,5490,40,3294.00,,img_eeff0f3cab11.jpeg,0,11506.csv
21282,The Parrot Houses,2990,30,2093.00,,img_eeff0f3cab11.jpeg,0,11506.csv
21333,tbd-Ideas-3-2022 V29,7390,25,5542.50,,img_eeff0f3cab11.jpeg,0,11506.csv
21341,Disney Hocus Pocus: The Sanderson Sister,8690,50,4345.00,,img_eeff0f3cab11.jpeg,0,11506.csv
21345,Polaroid OneStep SX-70 Camera,4290,30,3003.00,,img_eeff0f3cab11.jpeg,0,11506.csv
21346,Family Tree,3390,70,1017.00,,img_eeff0f3cab11.jpeg,0,11506.csv
21349,tbd-Ideas-5-2024 V29,5490,20,4392.00,,img_eeff0f3cab11.jpeg,0,11506.csv
21350,Jaws,6290,30,4403.00,,img_eeff0f3cab11.jpeg,0,11506.csv
21353,The Botanical Garden,12290,30,8603.00,,img_eeff0f3cab11.jpeg,0,11506.csv
21354,Ideas Twilight The Cullen House,9790,30,6853.00,,img_eeff0f3cab11.jpeg,0,11506.csv
21355,The Evolution of STEM,4090,35,2658.50,,img_eeff0f3cab11.jpeg,0,11506.csv
21356,River Steamboat,14290,30,10003.00,,img_eeff0f3cab11.jpeg,0,11506.csv
21357,Disney Pixar Luxo Jr,3890,30,2723.00,,img_eeff0f3cab11.jpeg,0,11506.csv
21358,Minifigure Vending Machine,7390,25,5542.50,,img_eeff0f3cab11.jpeg,0,11506.csv
21359,Ideas Italian Rivera,12290,30,8603.00,,img_eeff0f3cab11.jpeg,0,11506.csv
21360,Ideas Willy Wonka & the Chocolate Factory,10990,25,8242.50,,img_eeff0f3cab11.jpeg,0,11506.csv
21361,Ideas Gremlins: Gizmo,5490,25,4117.50,,img_402b61ce8421.jpeg,0,21361.csv
21362,Ideas Mineral Collection,3190,30,2233.00,,img_402b61ce8421.jpeg,0,21361.csv
21363,Ideas The Goonies,13090,25,9817.50,,img_402b61ce8421.jpeg,0,21361.csv
21365,IDEAS Love Birds,2790,20,2232.00,,img_402b61ce8421.jpeg,0,21361.csv
21366,IDEAS Floating Sea Otters,4790,20,3832.00,,img_402b61ce8421.jpeg,0,21361.csv
21367,IDEAS Tintin Moon Rocket,7090,15,6026.50,,img_402b61ce8421.jpeg,0,21361.csv
21370,E.T. the Extra-Terrestrial,5990,15,5091.50,,img_402b61ce8421.jpeg,0,21361.csv
21372,La Catrina,5490,15,4666.50,,img_402b61ce8421.jpeg,0,21361.csv
21376,IDEAS Orange Cat,5490,20,4392.00,,img_402b61ce8421.jpeg,0,21361.csv
21582,Chicken Jockey,1590,15,1351.50,,img_402b61ce8421.jpeg,0,21361.csv
21583,Steve's Taiga Adventure V29,390,20,312.00,,img_402b61ce8421.jpeg,0,21361.csv
21584,Nether & End Portal Journey V29,490,20,392.00,,img_402b61ce8421.jpeg,0,21361.csv
21585,Chicken Farm V29,690,20,552.00,,img_402b61ce8421.jpeg,0,21361.csv
21586,The Pale Garden V29,1090,30,763.00,,img_402b61ce8421.jpeg,0,21361.csv
21587,Zombie Dungeon V29,1590,30,1113.00,,img_402b61ce8421.jpeg,0,21361.csv
21588,The Fox V29,2490,30,1743.00,,img_402b61ce8421.jpeg,0,21361.csv
21589,Mini Biomes V29,3190,30,2233.00,,img_402b61ce8421.jpeg,0,21361.csv
21590,Wither Battle V29,3390,30,2373.00,,img_402b61ce8421.jpeg,0,21361.csv
21591,The Twisted Warden Battle,2790,15,2371.50,,img_402b61ce8421.jpeg,0,21361.csv
21592,Chicken Jockey Desert Attack,1290,20,1032.00,,img_402b61ce8421.jpeg,0,21361.csv
21593,First Night Adventure,1590,20,1272.00,,img_402b61ce8421.jpeg,0,21361.csv
21594,The Skeleton,2490,20,1992.00,,img_402b61ce8421.jpeg,0,21361.csv
21595,The Ender Dragon,3190,20,2552.00,,img_402b61ce8421.jpeg,0,21361.csv
21596,Evoker Village Attack,4790,20,3832.00,,img_402b61ce8421.jpeg,0,21361.csv
21597,Ghast Station,5490,20,4392.00,,img_402b61ce8421.jpeg,0,21361.csv
21598,Underwater Adventure,1590,20,1272.00,,img_402b61ce8421.jpeg,0,21361.csv
31132,Viking Ship and the Midgard.. V29,5535,70,1660.50,,img_402b61ce8421.jpeg,0,21361.csv
31140,Magical Unicorn V29,490,30,343.00,,img_402b61ce8421.jpeg,0,21361.csv
31145,Red Dragon V29,490,30,343.00,,img_402b61ce8421.jpeg,0,21361.csv
31148,Retro Roller Skate V29,1190,50,595.00,,img_402b61ce8421.jpeg,0,21361.csv
31150,Wild Safari Animals V29,2790,50,1395.00,,img_402b61ce8421.jpeg,0,21361.csv
31152,Space Astronaut V29,2190,50,1095.00,,img_402b61ce8421.jpeg,0,21361.csv
31156,Tropical Ukulele V29,1290,50,645.00,,img_402b61ce8421.jpeg,0,21361.csv
31158,Sea Animals V29,1290,50,645.00,,img_402b61ce8421.jpeg,0,21361.csv
31163,Playful Cat V29,1290,30,903.00,,img_402b61ce8421.jpeg,0,21361.csv
31164,Space Robot V29,1190,40,714.00,,img_402b61ce8421.jpeg,0,21361.csv
31165,Wild Animals: Panda Family V29,2190,30,1533.00,,img_402b61ce8421.jpeg,0,21361.csv
31167,Haunted Mansion V29,4790,30,3353.00,,img_402b61ce8421.jpeg,0,21361.csv
31168,Medieval Horse Knight Castle V29,6790,40,4074.00,,img_402b61ce8421.jpeg,0,21361.csv
31169,Typewriter with Flowers V29,1590,30,1113.00,,img_402b61ce8421.jpeg,0,21361.csv
31171,Wild Animals: Majestic Rhino.. V29,3190,40,1914.00,,img_402b61ce8421.jpeg,0,21361.csv
31172,Record Player with Flowers,1290,30,903.00,,img_402b61ce8421.jpeg,0,21361.csv
31173,Wild Animals: Tropical Toucan V29,790,30,553.00,,img_402b61ce8421.jpeg,0,21361.csv
31174,Retro Telephone V29,1590,40,954.00,,img_402b61ce8421.jpeg,0,21361.csv
31175,Unicorn Castle V29,2190,40,1314.00,,img_402b61ce8421.jpeg,0,21361.csv
31208,Hokusai - The Great Wave V29,5190,30,3633.00,,img_402b61ce8421.jpeg,0,21361.csv
31211,The Fauna Collection - Macaw.. V29,2190,70,657.00,,img_bc34be1da1b0.jpeg,0,31211.csv
31214,LOVE V29,4290,35,2788.50,,img_bc34be1da1b0.jpeg,0,31211.csv
31215,Vincent van Gogh - Sunflowers,8790,25,6592.50,,img_bc34be1da1b0.jpeg,0,31211.csv
31216,Art Keith Haring - Dancing Figures,6790,25,5092.50,,img_bc34be1da1b0.jpeg,0,31211.csv
31217,The Fauna Collection - Tiger V29,2990,25,2242.50,,img_bc34be1da1b0.jpeg,0,31211.csv
31218,Japanese Cherry Blossom Land.. V29,6790,20,5432.00,,img_bc34be1da1b0.jpeg,0,31211.csv
31220,ART 31220 V29,8790,20,7032.00,,img_bc34be1da1b0.jpeg,0,31211.csv
31376,Cute Hamster with a Flower V29,490,30,343.00,,img_bc34be1da1b0.jpeg,0,31211.csv
31377,Turtle with a Water Lily Flo.. V29,490,30,343.00,,img_bc34be1da1b0.jpeg,0,31211.csv
31378,Space Exploration Telescope V29,1790,30,1253.00,,img_bc34be1da1b0.jpeg,0,31211.csv
31379,Fierce Dinosaur V29,790,20,632.00,,img_bc34be1da1b0.jpeg,0,31211.csv
31380,Retro Gaming Console V29,690,20,552.00,,img_bc34be1da1b0.jpeg,0,31211.csv
31381,Fierce Shark with a Treasure.. V29,1790,30,1253.00,,img_bc34be1da1b0.jpeg,0,31211.csv
31382,Cute Animals: Playful Puppy.. V29,990,20,792.00,,img_bc34be1da1b0.jpeg,0,31211.csv
31383,Floral Decor Perfume Bottle,1590,20,1272.00,,img_bc34be1da1b0.jpeg,0,31211.csv
31384,Wild Animals: Colorful Hummi.. V29,990,20,792.00,,img_bc34be1da1b0.jpeg,0,31211.csv
31385,Sea Animals: Beautiful Dolph.. V29,2790,30,1953.00,,img_bc34be1da1b0.jpeg,0,31211.csv
31386,Wild Animals: Majestic Lion,3390,20,2712.00,,img_bc34be1da1b0.jpeg,0,31211.csv
31387,Iconic Pirate Ship,5490,20,4392.00,,img_bc34be1da1b0.jpeg,0,31211.csv
31388,Wild Animals: Family of Koalas,5490,20,4392.00,,img_bc34be1da1b0.jpeg,0,31211.csv
31389,Iconic Ferris Wheel,4790,20,3832.00,,img_bc34be1da1b0.jpeg,0,31211.csv
31390,Floral Art Decor Painting,1590,20,1272.00,,img_bc34be1da1b0.jpeg,0,31211.csv
31391,Art Fashion Bag with Storage,1590,20,1272.00,,img_bc34be1da1b0.jpeg,0,31211.csv
31392,Music Decor Piano with Cat,2190,20,1752.00,,img_bc34be1da1b0.jpeg,0,31211.csv
31393,Forest Animals: Gray Wolf,2790,20,2232.00,,img_bc34be1da1b0.jpeg,0,31211.csv
31394,Cute Animals: Red Panda,1590,15,1351.50,,img_bc34be1da1b0.jpeg,0,31211.csv
31395,Cute Animals: Red Panda (alt row 415),415,25,311.25,,img_bc34be1da1b0.jpeg,1,31211.csv
40220,LONDON BUS V29,790,,Buy 1 Get 1,Buy 1 Get 1,img_bc34be1da1b0.jpeg,0,31211.csv
40460,ROSES V46,790,,Buy 1 Get 1,Buy 1 Get 1,img_bc34be1da1b0.jpeg,1,31211.csv
40468,YELLOW TAXI V29,300,25,225.00,,img_bc34be1da1b0.jpeg,1,31211.csv
40516,MINIFIGURE RAINBOW,1190,25,892.50,,img_bc34be1da1b0.jpeg,0,31211.csv
40518,High-Speed Train V29,840,25,630.00,,img_bc34be1da1b0.jpeg,0,31211.csv
40519,New York Postcard V29,630,25,472.50,,img_bc34be1da1b0.jpeg,0,31211.csv
40524,LEGOA SUNFLOWERS V29,790,,Buy 1 Get 1,Buy 1 Get 1,img_bc34be1da1b0.jpeg,0,31211.csv
40569,London Postcard V29,480,25,360.00,,img_bc34be1da1b0.jpeg,0,31211.csv
40613,Mini Disney Palace of Agrabah V29,1410,25,1057.50,,img_bc34be1da1b0.jpeg,0,31211.csv
40619,EVE & WALL-E V29,535,25,401.25,,img_bc34be1da1b0.jpeg,0,31211.csv
40647,Lotus Flowers V29,690,,Buy 1 Get 1,Buy 1 Get 1,img_bc34be1da1b0.jpeg,0,31211.csv
40649,Up-Scaled LEGO Minifigure V29,1765,30,1235.50,,img_bc34be1da1b0.jpeg,0,31211.csv
40650,Land Rover Classic Defender V29,505,25,378.75,,img_bc34be1da1b0.jpeg,0,31211.csv
40669,Iron Man MK5 Figure V29,390,25,292.50,,img_bc34be1da1b0.jpeg,0,31211.csv
40674,Stitch V29,390,25,292.50,,img_bc34be1da1b0.jpeg,0,31211.csv
40678,Festival Calendar V29,1090,70,327.00,,img_bc34be1da1b0.jpeg,0,31211.csv
40713,Japan Postcard V29,590,25,442.50,,img_bc34be1da1b0.jpeg,0,31211.csv
40715,Alien Pack V29,590,70,177.00,,img_bc34be1da1b0.jpeg,0,31211.csv
40716,Alien Planet Habitat V29,590,70,177.00,,img_bc34be1da1b0.jpeg,0,31211.csv
40719,Traditional Chess Set V29,2790,25,2092.50,,img_bc34be1da1b0.jpeg,0,31211.csv
40720,Mini Disney Sleeping Beauty.. V29,1590,25,1192.50,,img_0f2f9e8c957c.jpeg,0,40720.csv
40721,Halloween Barn V29,590,40,354.00,,img_0f2f9e8c957c.jpeg,0,40720.csv
40725,Cherry Blossoms V29,690,,Buy 1 Get 1,Buy 1 Get 1,img_0f2f9e8c957c.jpeg,0,40720.csv
40743,Christmas Table Decoration V29,1790,70,537.00,,img_0f2f9e8c957c.jpeg,0,40720.csv
40747,Daffodils V29,590,,Buy 1 Get 1,Buy 1 Get 1,img_0f2f9e8c957c.jpeg,0,40720.csv
40748,Batman 8in1 Figure V29,890,25,667.50,,img_0f2f9e8c957c.jpeg,0,40720.csv
40749,Joy Sadness & Anxiety V29,790,25,592.50,,img_0f2f9e8c957c.jpeg,0,40720.csv
40791,The Goblet of Fire Figures V29,2190,30,1533.00,,img_0f2f9e8c957c.jpeg,0,40720.csv
40795,Luke Skywalker (Rebel Pilot) V29,390,25,292.50,,img_0f2f9e8c957c.jpeg,0,40720.csv
40796,Star Wars 40796 V29,1990,25,1492.50,,img_0f2f9e8c957c.jpeg,0,40720.csv
40797,EEYORE V29,390,25,292.50,,img_0f2f9e8c957c.jpeg,0,40720.csv
40801,Mike Dustin Lucas and Will.. V29,1490,25,1117.50,,img_0f2f9e8c957c.jpeg,0,40720.csv
40802,Luna Lovegood & Thestral Fi.. V29,820,25,615.00,,img_0f2f9e8c957c.jpeg,0,40720.csv
40803,Optimus Prime Robot & Vehicle,790,25,592.50,,img_0f2f9e8c957c.jpeg,0,40720.csv
40804,Bumblebee Robot & Vehicle,790,25,592.50,,img_0f2f9e8c957c.jpeg,0,40720.csv
40805,Arcade Machine V29,1590,25,1192.50,,img_0f2f9e8c957c.jpeg,0,40720.csv
40806,IP Holiday V29,2690,30,1883.00,,img_0f2f9e8c957c.jpeg,0,40720.csv
40807,Birthday Numbers V29,890,30,623.00,,img_0f2f9e8c957c.jpeg,0,40720.csv
40808,Easter Bunny and Chick Egg H.. V29,590,40,354.00,,img_0f2f9e8c957c.jpeg,0,40720.csv
40809,Festive Gingerbread House V29,1790,30,1253.00,,img_0f2f9e8c957c.jpeg,0,40720.csv
40812,Snowman Ornaments V29,590,30,413.00,,img_0f2f9e8c957c.jpeg,0,40720.csv
40813,Lucky Cat V29,1290,25,967.50,,img_0f2f9e8c957c.jpeg,0,40720.csv
40815,Birthday Party Cake V29,690,30,483.00,,img_0f2f9e8c957c.jpeg,0,40720.csv
40817,Yellow Travel Suitcase V29,590,25,442.50,,img_0f2f9e8c957c.jpeg,0,40720.csv
40818,Italy Postcard V29,590,25,442.50,,img_0f2f9e8c957c.jpeg,0,40720.csv
40820,Up-Scaled Santa Minifigure V29,2690,30,1883.00,,img_0f2f9e8c957c.jpeg,0,40720.csv
40822,Jack-O-Lantern Pickup Truck V29,690,30,483.00,,img_0f2f9e8c957c.jpeg,0,40720.csv
40856,The Mandalorian and Grogu: A.. V29,1590,25,1192.50,,img_0f2f9e8c957c.jpeg,0,40720.csv
40858,SpongeBob SquarePants Figure,490,0,490.00,,img_0f2f9e8c957c.jpeg,0,40720.csv
40859,Golden Age Superman and Batman Figur,990,0,990.00,,img_0f2f9e8c957c.jpeg,0,40720.csv
40860,Toy Story V29,1590,20,1272.00,,img_0f2f9e8c957c.jpeg,0,40720.csv
40861,Sulley Mike and Boo Figures V29,990,25,742.50,,img_0f2f9e8c957c.jpeg,0,40720.csv
40863,Easter Egg Basket V29,690,25,517.50,,img_0f2f9e8c957c.jpeg,0,40720.csv
40864,Fortune Master V29,1290,25,967.50,,img_0f2f9e8c957c.jpeg,0,40720.csv
40867,Love Letters V29,890,25,667.50,,img_0f2f9e8c957c.jpeg,0,40720.csv
40871,Gift Box Celebration V29,890,25,667.50,,img_0f2f9e8c957c.jpeg,0,40720.csv
40872,Halloween Pumpkin Lantern,1290,15,1096.50,,img_0f2f9e8c957c.jpeg,0,40720.csv
40873,Colorful Lantern,890,15,756.50,,img_0f2f9e8c957c.jpeg,0,40720.csv
40878,BrickHeadz 40878 V29,1590,25,1192.50,,img_0f2f9e8c957c.jpeg,0,40720.csv
40879,BrickHeadz Stranger Things: Eleven Max D,1590,25,1192.50,,img_0f2f9e8c957c.jpeg,0,40720.csv
40881,Supply Llama & Fishstick Fig.. V29,990,25,742.50,,img_0f2f9e8c957c.jpeg,0,40720.csv
40883,Halloween Skull Candle,890,15,756.50,,img_0f2f9e8c957c.jpeg,0,40720.csv
40919,Gremlins Gizmo and Stripe Figures,990,0,990.00,,img_0f2f9e8c957c.jpeg,0,40720.csv
40920,Bugs Bunny V29,1790,25,1342.50,,img_0f2f9e8c957c.jpeg,0,40720.csv
40921,Up-Scaled Blue Astronaut Min.. V29,2390,30,1673.00,,img_0f2f9e8c957c.jpeg,0,40720.csv
40922,Lilo & Stitch: Angel Figure V29,490,25,367.50,,img_0f2f9e8c957c.jpeg,0,40720.csv
40923,BrickHeadz Shrek Donkey & Gingy Figures,990,20,792.00,,img_63dda248fe5d.jpeg,0,40923.csv
40924,4Megatron Robot & Vehicle,990,20,792.00,,img_63dda248fe5d.jpeg,0,40923.csv
40925,Alice in Wonderland V29,1590,20,1272.00,,img_63dda248fe5d.jpeg,0,40923.csv
40926,SEGA Genesis Console V29,1590,20,1272.00,,img_63dda248fe5d.jpeg,0,40923.csv
40953,London Bus V29,790,25,592.50,,img_63dda248fe5d.jpeg,0,40923.csv
40954,Germany Postcard V29,590,25,442.50,,img_63dda248fe5d.jpeg,0,40923.csv
40955,Iconic 40955 V29,6090,25,4567.50,,img_63dda248fe5d.jpeg,0,40923.csv
40957,Spring Wreath V29,2790,25,2092.50,,img_63dda248fe5d.jpeg,0,40923.csv
41759,Heartlake City Bus V29,2390,50,1195.00,,img_63dda248fe5d.jpeg,0,40923.csv
41838,Travel Moments V29,5490,70,1647.00,,img_63dda248fe5d.jpeg,0,40923.csv
41839,Message Board V29,3990,70,1197.00,,img_63dda248fe5d.jpeg,0,40923.csv
41843,Family 41843 V29,13090,20,10472.00,,img_63dda248fe5d.jpeg,0,40923.csv
41946,Extra DOTS - Series 6 V29,160,70,48.00,,img_63dda248fe5d.jpeg,0,40923.csv
42141,McLaren Formula 1 Race Car V29,7990,30,5593.00,,img_63dda248fe5d.jpeg,0,40923.csv
42143,Ferrari Daytona SP3 V29,18590,25,13942.50,,img_63dda248fe5d.jpeg,0,40923.csv
42151,Bugatti Bolide V29,2590,40,1554.00,,img_63dda248fe5d.jpeg,0,40923.csv
42157,John Deere 948L-II Skidder V29,7790,50,3895.00,,img_63dda248fe5d.jpeg,0,40923.csv
42160,Audi RS Q e-tron V29,8790,30,6153.00,,img_63dda248fe5d.jpeg,0,40923.csv
42161,Lamborghini Huracan Tecnica V29,2690,30,1883.00,,img_63dda248fe5d.jpeg,0,40923.csv
42170,Kawasaki Ninja H2R Motorcycle V29,4290,30,3003.00,,img_63dda248fe5d.jpeg,0,40923.csv
42171,tbd-Technic-Race1-2024 V29,12090,35,7858.50,,img_63dda248fe5d.jpeg,0,40923.csv
42172,McLaren P1,16190,30,11333.00,,img_63dda248fe5d.jpeg,0,40923.csv
42176,Porsche GT4 e-Performance Race Car,9190,35,5973.50,,img_63dda248fe5d.jpeg,0,40923.csv
42177,Mercedes-Benz G 500 PROFESSIONAL Line,13790,35,8963.50,,img_63dda248fe5d.jpeg,0,40923.csv
42182,NASA Apollo Lunar Roving Vehicle - LRV,9490,50,4745.00,,img_63dda248fe5d.jpeg,0,40923.csv
42197,Backhoe Loader V29,490,30,343.00,,img_63dda248fe5d.jpeg,0,40923.csv
42198,Bush Plane V29,1490,30,1043.00,,img_63dda248fe5d.jpeg,0,40923.csv
42200,Monster Jam ThunderROARus.. V29,1490,30,1043.00,,img_63dda248fe5d.jpeg,0,40923.csv
42201,Deep-Sea Research Submarine V29,2090,35,1358.50,,img_63dda248fe5d.jpeg,0,40923.csv
42202,Technic 42202 V29,10790,40,6474.00,,img_63dda248fe5d.jpeg,0,40923.csv
42203,Tipping Dump Truck,2200,30,1540.00,,img_63dda248fe5d.jpeg,0,40923.csv
42204,Fast and Furious Toyota Supra MK4,3190,30,2233.00,,img_63dda248fe5d.jpeg,0,40923.csv
42205,Chevrolet Corvette Stingray,2600,40,1560.00,,img_63dda248fe5d.jpeg,0,40923.csv
42206,Oracle Red Bull Racing RB20 F1 Car,10090,30,7063.00,,img_63dda248fe5d.jpeg,0,40923.csv
42207,Ferrari SF-24 F1 Car,12490,35,8118.50,,img_63dda248fe5d.jpeg,0,40923.csv
42208,Aston Martin Valkyrie V29,3190,30,2233.00,,img_63dda248fe5d.jpeg,0,40923.csv
42209,Volvo L120 Electric Wheel Lo.. V29,5490,40,3294.00,,img_63dda248fe5d.jpeg,0,40923.csv
42210,2 Fast 2 Furious Nissan Skyl.. V29,7790,40,4674.00,,img_63dda248fe5d.jpeg,0,40923.csv
42211,Lunar Outpost Moon Rover Sp.. V29,5190,50,2595.00,,img_63dda248fe5d.jpeg,0,40923.csv
42212,Ferrari FXX K V29,3190,40,1914.00,,img_63dda248fe5d.jpeg,0,40923.csv
42213,Ford Bronco SUV V29,3190,30,2233.00,,img_63dda248fe5d.jpeg,0,40923.csv
42214,Lamborghini Revuelto Super S.. V29,9790,50,4895.00,,img_63dda248fe5d.jpeg,0,40923.csv
42215,Volvo EC500 Hybrid Excavator V29,21990,40,13194.00,,img_63dda248fe5d.jpeg,0,40923.csv
42217,Chevrolet Corvette Stingray.. V29,3190,40,1914.00,,img_63dda248fe5d.jpeg,0,40923.csv
42218,John Deere 1470H Wheeled Har.. V29,490,30,343.00,,img_63dda248fe5d.jpeg,0,40923.csv
42219,Monster Jam Grave Digger F.. V29,1590,30,1113.00,,img_63dda248fe5d.jpeg,0,40923.csv
42220,Monster Jam Sparkle Smash.. V29,1590,30,1113.00,,img_154106fb9f49.jpeg,0,42220.csv
42221,NASA Artemis Space Launch Sy.. V29,3190,30,2233.00,,img_154106fb9f49.jpeg,0,42220.csv
42222,Bugatti Chiron Pur Sport Hyp.. V29,3390,30,2373.00,,img_154106fb9f49.jpeg,0,42220.csv
42223,1966 Ford GT40 MKII Race Car V29,3990,30,2793.00,,img_154106fb9f49.jpeg,0,42220.csv
42224,Porsche 911 GT3 R REXY AO Ra.. V29,7790,30,5453.00,,img_154106fb9f49.jpeg,0,42220.csv
42225,Yellow Motorcycle V29,390,20,312.00,,img_154106fb9f49.jpeg,0,42220.csv
42226,BMW M4 GT3 EVO Race Car V29,3390,30,2373.00,,img_154106fb9f49.jpeg,0,42220.csv
42227,Jeep Wrangler Rubicon SUV V29,3390,30,2373.00,,img_154106fb9f49.jpeg,0,42220.csv
42228,TECHNIC 42228 V29,12490,30,8743.00,,img_154106fb9f49.jpeg,0,42220.csv
42229,Fast and Furious Mitsubishi Eclipse Car,3390,20,2712.00,,img_154106fb9f49.jpeg,0,42220.csv
42231,Fast and Furious Dodge Charger R/T Car,8190,20,6552.00,,img_154106fb9f49.jpeg,0,42220.csv
42232,Koenigsegg Sadair's Spear Megacar,19490,20,15592.00,,img_154106fb9f49.jpeg,0,42220.csv
42233,Mighty Machines,190,15,161.50,,img_154106fb9f49.jpeg,0,42220.csv
42234,Dodge Viper GTS-R Sports Car,3390,15,2881.50,,img_154106fb9f49.jpeg,0,42220.csv
42235,Ferrari 488 PISTA Car,3390,15,2881.50,,img_154106fb9f49.jpeg,0,42220.csv
42236,Custom Garage Ford Mustang GT Car,4790,15,4071.50,,img_154106fb9f49.jpeg,0,42220.csv
42238,Ducati Desmo450 MX Factory Motorcycle,2790,15,2371.50,,img_154106fb9f49.jpeg,0,42220.csv
42239,Batmobile Tumbler,10390,15,8831.50,,img_154106fb9f49.jpeg,0,42220.csv
42240,Aston Martin Aramco AMR25 F1 Car,10090,20,8072.00,,img_154106fb9f49.jpeg,0,42220.csv
42241,Green Bugatti Chiron Pur Sport Hypercar,3390,20,2712.00,,img_154106fb9f49.jpeg,0,42220.csv
42242,Mercedes-Benz Unimog U 5023 with Crane,6790,20,5432.00,,img_154106fb9f49.jpeg,0,42220.csv
42602,Space Research Rover V29,2190,70,657.00,,img_154106fb9f49.jpeg,0,42220.csv
42605,Mars Space Base and Rocket V29,3890,50,1945.00,,img_154106fb9f49.jpeg,0,42220.csv
42609,Electric Car and Charger V29,590,50,295.00,,img_154106fb9f49.jpeg,0,42220.csv
42615,Pet Adoption Day V29,1890,70,567.00,,img_154106fb9f49.jpeg,0,42220.csv
42617,Farm Animal Sanctuary V29,2390,70,717.00,,img_154106fb9f49.jpeg,0,42220.csv
42619,Pop Star Music Tour Bus V29,3590,70,1077.00,,img_154106fb9f49.jpeg,0,42220.csv
42620,Olly and Paisley's Family Ho.. V29,4290,70,1287.00,,img_154106fb9f49.jpeg,0,42220.csv
42624,Adventure Camp Cozy Cabins V29,1890,50,945.00,,img_154106fb9f49.jpeg,0,42220.csv
42631,Adventure Camp Tree House V29,5590,50,2795.00,,img_154106fb9f49.jpeg,0,42220.csv
42632,Farm Animal Vet Clinic V29,1290,40,774.00,,img_154106fb9f49.jpeg,0,42220.csv
42636,Heartlake City Preschool V29,2190,50,1095.00,,img_154106fb9f49.jpeg,0,42220.csv
42638,Castle Bed and Breakfast V29,4690,50,2345.00,,img_154106fb9f49.jpeg,0,42220.csv
42641,Surfing Dogs and Scooter Adv.. V29,600,40,360.00,,img_154106fb9f49.jpeg,0,42220.csv
42643,Cotton Candy Stand and Scooter V29,390,40,234.00,,img_154106fb9f49.jpeg,0,42220.csv
42645,Aliya's Baby Sister's Playroom V29,790,40,474.00,,img_154106fb9f49.jpeg,0,42220.csv
42646,Autumn's Room V29,900,40,540.00,,img_154106fb9f49.jpeg,0,42220.csv
42647,Paisley's Room V29,990,40,594.00,,img_154106fb9f49.jpeg,0,42220.csv
42648,Panda Sanctuary Animal Care V29,1590,40,954.00,,img_154106fb9f49.jpeg,0,42220.csv
42649,Heartlake City Candy Store V29,1590,40,954.00,,img_154106fb9f49.jpeg,0,42220.csv
42650,Pet Accessories Shop V29,1700,40,1020.00,,img_154106fb9f49.jpeg,0,42220.csv
42651,Horse and Pet Vet Clinic V29,2200,40,1320.00,,img_154106fb9f49.jpeg,0,42220.csv
42652,Friendship Tree House Hangout V29,3890,40,2334.00,,img_154106fb9f49.jpeg,0,42220.csv
42653,Music Store & Apartment V29,2590,40,1554.00,,img_154106fb9f49.jpeg,0,42220.csv
42654,Pony Ranch & Stable V29,3690,40,2214.00,,img_154106fb9f49.jpeg,0,42220.csv
42655,Restaurant and Cooking School V29,3400,40,2040.00,,img_154106fb9f49.jpeg,0,42220.csv
42659,Friendship Road-Trip Travel.. V29,1090,40,654.00,,img_219ed36cdd7d.jpeg,0,42659.csv
42662,Hair Salon and Accessories S.. V29,1900,40,1140.00,,img_219ed36cdd7d.jpeg,0,42659.csv
42663,Friendship Camper Van Advent.. V29,2500,40,1500.00,,img_219ed36cdd7d.jpeg,0,42659.csv
42664,Travel Boat Adventure V29,3990,50,1995.00,,img_219ed36cdd7d.jpeg,0,42659.csv
42668,Advent Calendar 2025 V29,1090,50,545.00,,img_219ed36cdd7d.jpeg,0,42659.csv
42669,Beekeepers' House and Flower.. V29,4300,40,2580.00,,img_219ed36cdd7d.jpeg,0,42659.csv
42670,Heartlake City Apartments an.. V29,6900,40,4140.00,,img_219ed36cdd7d.jpeg,0,42659.csv
42671,Plant Cafe & Flower Shop V29,4790,40,2874.00,,img_219ed36cdd7d.jpeg,0,42659.csv
42672,CREATIVE BEACH AND TRAVEL SUITCASE,1300,40,780.00,,img_219ed36cdd7d.jpeg,0,42659.csv
42673,Family Vacation Beach Resort V29,7390,40,4434.00,,img_219ed36cdd7d.jpeg,0,42659.csv
42674,Friends 42674 V29,3890,40,2334.00,,img_219ed36cdd7d.jpeg,0,42659.csv
42675,Unicorn Cake Delivery Car V29,490,30,343.00,,img_219ed36cdd7d.jpeg,0,42659.csv
42676,Fun Water Park Day,1590,20,1272.00,,img_219ed36cdd7d.jpeg,0,42659.csv
42681,Axolotl Adventure Boat V29,490,30,343.00,,img_219ed36cdd7d.jpeg,0,42659.csv
42682,Nature Glamping Cabin,1290,20,1032.00,,img_219ed36cdd7d.jpeg,0,42659.csv
42684,Unicorn Dream Cafe V29,1990,30,1393.00,,img_219ed36cdd7d.jpeg,0,42659.csv
42685,Heartlake City Fashion Show V29,2790,30,1953.00,,img_219ed36cdd7d.jpeg,0,42659.csv
42686,Fun Indoor Playground V29,3190,30,2233.00,,img_219ed36cdd7d.jpeg,0,42659.csv
42687,Liann's Family House V29,3890,30,2723.00,,img_219ed36cdd7d.jpeg,0,42659.csv
42689,Heartlake City Friends Club.. V29,4790,30,3353.00,,img_219ed36cdd7d.jpeg,0,42659.csv
42690,Forest Tea Party,490,20,392.00,,img_219ed36cdd7d.jpeg,0,42659.csv
42691,Garden Restaurant V29,5990,30,4193.00,,img_219ed36cdd7d.jpeg,0,42659.csv
42692,Ice Cream & Balloon Stand V29,490,30,343.00,,img_219ed36cdd7d.jpeg,0,42659.csv
42693,Creative Flower Shop,1590,20,1272.00,,img_219ed36cdd7d.jpeg,0,42659.csv
42694,Pizza Truck,790,20,632.00,,img_219ed36cdd7d.jpeg,0,42659.csv
42695,Horse & Baby Foal Trailer V29,1390,30,973.00,,img_219ed36cdd7d.jpeg,0,42659.csv
42697,Creative Dollhouse Suitcase,2790,15,2371.50,,img_219ed36cdd7d.jpeg,0,42659.csv
42700,Candy & Cupcake Ferris Wheel,3190,20,2552.00,,img_219ed36cdd7d.jpeg,0,42659.csv
42701,Koala Habitat & Care Center,3390,20,2712.00,,img_219ed36cdd7d.jpeg,0,42659.csv
42702,Spinning Flower & Fairy Teacup Ride,2190,20,1752.00,,img_219ed36cdd7d.jpeg,0,42659.csv
42703,Mermaid Roller Coaster Ride,5490,20,4392.00,,img_219ed36cdd7d.jpeg,0,42659.csv
42704,Heartlake City Grand Hotel,8190,20,6552.00,,img_219ed36cdd7d.jpeg,0,42659.csv
42705,Cozy Fall Forest Cabin,5490,20,4392.00,,img_219ed36cdd7d.jpeg,0,42659.csv
43008,Special Edition L 43008 V29,4390,40,2634.00,,img_219ed36cdd7d.jpeg,0,42659.csv
43010,Special Edition L 43010 V29,3090,40,1854.00,,img_219ed36cdd7d.jpeg,0,42659.csv
43011,Edition Lionel Messi - Soccer Highlights,990,20,792.00,,img_219ed36cdd7d.jpeg,0,42659.csv
43012,Edition Cristiano Ronaldo - Soccer Highlights,990,20,792.00,,img_219ed36cdd7d.jpeg,0,42659.csv
43013,Editions Kylian Mbappe - Soccer Highlights,990,20,792.00,,img_219ed36cdd7d.jpeg,0,42659.csv
43014,Scuderia Ferrari HP Charles Leclerc Helme,3890,20,3112.00,,img_219ed36cdd7d.jpeg,0,42659.csv
43015,Edition Lionel Messi - Soccer Legend,3490,20,2792.00,,img_219ed36cdd7d.jpeg,0,42659.csv
43016,Editions Cristiano Ronaldo - Soccer Legend,3490,20,2792.00,,img_219ed36cdd7d.jpeg,0,42659.csv
43017,Editions V 43017 V29,3890,20,3112.00,,img_219ed36cdd7d.jpeg,0,42659.csv
43018,Lionel Messi - Celebration,8090,20,6472.00,,img_219ed36cdd7d.jpeg,0,42659.csv
43019,Edition S 43019 V29,5490,20,4392.00,,img_219ed36cdd7d.jpeg,0,42659.csv
43020,FIFA World Cup Official Tro.. V29,7990,20,6392.00,,img_219ed36cdd7d.jpeg,0,42659.csv
43021,Special Edition L 43021 V29,1790,40,1074.00,,img_219ed36cdd7d.jpeg,0,42659.csv
43022,Scuderia Ferrari HP Lewis Hamilton Helme,3890,20,3112.00,,img_0456b8af484e.jpeg,0,43022.csv
43023,Editions V 43023 V29,3890,20,3112.00,,img_0456b8af484e.jpeg,1,43022.csv
43024,Ayrton Senna Helmet,3890,0,3890.00,,img_0456b8af484e.jpeg,0,43022.csv
43025,Nike Air Max 95 x LEGO Set V29,4390,20,3512.00,,img_0456b8af484e.jpeg,0,43022.csv
43026,Nike Air Force 1 x LEGO Set,4390,0,4390.00,,img_0456b8af484e.jpeg,0,43022.csv
43028,Editions Olivia Rodrigo's Vinyl,1590,15,1351.50,,img_0456b8af484e.jpeg,0,43022.csv
43029,Editions Olivia Rodrigo's Concert Moon,2790,15,2371.50,,img_0456b8af484e.jpeg,0,43022.csv
43030,Editions Olivia Rodrigo's Secret Storage,4290,15,3646.50,,img_0456b8af484e.jpeg,0,43022.csv
43031,Editions Olivia Rodrigo's Dual Guitar,6790,15,5771.50,,img_0456b8af484e.jpeg,0,43022.csv
43032,Editions FIFA World Cup 2026 Official Em,1290,20,1032.00,,img_0456b8af484e.jpeg,0,43022.csv
43217,'Up' House V29,2890,30,2023.00,,img_0456b8af484e.jpeg,0,43022.csv
43233,Belle's Storytime Horse Carr.. V29,690,50,345.00,,img_0456b8af484e.jpeg,0,43022.csv
43237,Isabela's Flowerpot V29,1890,50,945.00,,img_0456b8af484e.jpeg,0,43022.csv
43239,Mirabel's Photo Frame and Je.. V29,1290,70,387.00,,img_0456b8af484e.jpeg,0,43022.csv
43240,Maleficent's Dragon Form V29,2990,50,1495.00,,img_0456b8af484e.jpeg,0,43022.csv
43244,Elsa's Ice Palace V29,4290,50,2145.00,,img_0456b8af484e.jpeg,0,43022.csv
43245,The Magical Madrigal House V29,6790,50,3395.00,,img_0456b8af484e.jpeg,0,43022.csv
43248,tbd Disney pixar 1 2024 V29,1490,50,745.00,,img_0456b8af484e.jpeg,0,43022.csv
43249,Stitch V29,3390,30,2373.00,,img_0456b8af484e.jpeg,0,43022.csv
43251,Antonio's Animal Sanctuary V29,1790,50,895.00,,img_0456b8af484e.jpeg,0,43022.csv
43252,Moana's Flowerpot V29,1890,50,945.00,,img_0456b8af484e.jpeg,0,43022.csv
43254,Ariel's Crystal Cavern V29,1490,50,745.00,,img_0456b8af484e.jpeg,0,43022.csv
43257,Angel V29,3390,30,2373.00,,img_0456b8af484e.jpeg,0,43022.csv
43258,Kakamora Barge V29,5490,40,3294.00,,img_0456b8af484e.jpeg,0,43022.csv
43262,Maleficent's and Cruella De Vil's Dresses,3000,40,1800.00,,img_0456b8af484e.jpeg,0,43022.csv
43263,Disney Princess Beauty and the Beast Cast,12290,20,9832.00,,img_0456b8af484e.jpeg,0,43022.csv
43264,Toy Story Celebration Train.. V29,2190,30,1533.00,,img_0456b8af484e.jpeg,0,43022.csv
43265,Arendelle Frozen Castle V29,1590,40,954.00,,img_0456b8af484e.jpeg,0,43022.csv
43266,Cinderella's Dress,1700,30,1190.00,,img_0456b8af484e.jpeg,0,43022.csv
43268,Lilo and Stitch Beach House,3900,30,2730.00,,img_0456b8af484e.jpeg,0,43022.csv
43269,101 Dalmatians Puppy V29,7790,30,5453.00,,img_0456b8af484e.jpeg,0,43022.csv
43270,Moana's Adventure Canoe V29,2600,40,1560.00,,img_0456b8af484e.jpeg,0,43022.csv
43272,Heihei,1990,30,1393.00,,img_0456b8af484e.jpeg,0,43022.csv
43273,Advent Calendar 2025 V29,1400,30,980.00,,img_0456b8af484e.jpeg,0,43022.csv
43274,Minnie's Pet Hotel V29,2090,30,1463.00,,img_0456b8af484e.jpeg,0,43022.csv
43275,Cinderella's Castle & Horse.. V29,3400,30,2380.00,,img_0456b8af484e.jpeg,0,43022.csv
43276,Snow White's Jewelry Box V29,1890,50,945.00,,img_0456b8af484e.jpeg,0,43022.csv
43277,Cruella De Vil's Car V29,2790,30,1953.00,,img_0456b8af484e.jpeg,0,43022.csv
43279,WALL-E and EVE V29,3890,30,2723.00,,img_0456b8af484e.jpeg,0,43022.csv
43280,Beach Fun with Lilo & Stitch,1090,15,926.50,,img_0456b8af484e.jpeg,0,43022.csv
43281,Elsa's Ice Castle & Snow Rid.. V29,2790,30,1953.00,,img_0456b8af484e.jpeg,0,43022.csv
43282,Village House & Boat,1090,15,926.50,,img_0456b8af484e.jpeg,0,43022.csv
43283,Cinderella Animal Friends Castle,1590,15,1351.50,,img_0456b8af484e.jpeg,0,43022.csv
43284,Mini Anna & Elsa V29,490,30,343.00,,img_0456b8af484e.jpeg,0,43022.csv
43285,Ariel's Magical Mini Palace V29,1090,30,763.00,,img_0456b8af484e.jpeg,0,43022.csv
43286,The Aristocats Adorable Marie V29,1390,20,1112.00,,img_0456b8af484e.jpeg,0,43022.csv
43287,Olaf and Bruni's Picnic Fun V29,2790,30,1953.00,,img_e7b5dce190d1.jpeg,0,43287.csv
43288,Sally's Flowerpot V29,2790,20,2232.00,,img_e7b5dce190d1.jpeg,0,43287.csv
43289,Belle & the Beast's Enchanted Castle,2190,15,1861.50,,img_e7b5dce190d1.jpeg,0,43287.csv
43290,Kevin & Dug V29,3190,20,2552.00,,img_e7b5dce190d1.jpeg,0,43287.csv
43292,Pua,3890,15,3306.50,,img_e7b5dce190d1.jpeg,0,43287.csv
43293,Kakamora,2190,15,1861.50,,img_e7b5dce190d1.jpeg,0,43287.csv
43294,Rapunzel's Mini Tower,1090,15,926.50,,img_e7b5dce190d1.jpeg,0,43287.csv
43295,Jasmine's Jewelry Box,2790,15,2371.50,,img_e7b5dce190d1.jpeg,0,43287.csv
43296,Stitch & Scrump,3890,15,3306.50,,img_e7b5dce190d1.jpeg,0,43287.csv
43297,Rapunzel's Castle,5490,15,4666.50,,img_e7b5dce190d1.jpeg,0,43287.csv
43299,Ariel's Royal Wedding Boat,3890,15,3306.50,,img_e7b5dce190d1.jpeg,0,43287.csv
43300,Winnie the Pooh V29,6590,20,5272.00,,img_e7b5dce190d1.jpeg,0,43287.csv
43301,Toy Story Slinky Dog Bookends V29,6590,20,5272.00,,img_e7b5dce190d1.jpeg,0,43287.csv
43302,DISNEY 43302,15490,15,13166.50,,img_e7b5dce190d1.jpeg,0,43287.csv
43304,DISNEY 43304 V29,2790,20,2232.00,,img_e7b5dce190d1.jpeg,0,43287.csv
43305,Piglet's Birthday Fun V29,2190,20,1752.00,,img_e7b5dce190d1.jpeg,0,43287.csv
43306,Lotso V29,2190,20,1752.00,,img_e7b5dce190d1.jpeg,0,43287.csv
43307,Alien with Pizza Planet Rock.. V29,3190,20,2552.00,,img_e7b5dce190d1.jpeg,0,43287.csv
60361,Ultimate Stunt Riders Challe.. V29,3800,70,1140.00,,img_e7b5dce190d1.jpeg,0,43287.csv
60367,Passenger Airplane V29,5490,30,3843.00,,img_e7b5dce190d1.jpeg,0,43287.csv
60407,Red Double-Decker Sightseei.. V29,1590,30,1113.00,,img_e7b5dce190d1.jpeg,0,43287.csv
60408,Car Transporter Truck with S.. V29,3890,50,1945.00,,img_e7b5dce190d1.jpeg,0,43287.csv
60423,Downtown Streetcar and Station V29,4790,30,3353.00,,img_e7b5dce190d1.jpeg,0,43287.csv
60430,Interstellar Spaceship V29,1090,30,763.00,,img_e7b5dce190d1.jpeg,0,43287.csv
60442,tbd-City-Alicia-60442 V29,690,35,448.50,,img_e7b5dce190d1.jpeg,0,43287.csv
60443,tbd-City-Alicia-60443 V29,1590,35,1033.50,,img_e7b5dce190d1.jpeg,0,43287.csv
60444,tbd-City-Alicia-60444 V29,3400,35,2210.00,,img_e7b5dce190d1.jpeg,0,43287.csv
60445,tbd-City-Alicia-60445 V29,5490,35,3568.50,,img_e7b5dce190d1.jpeg,0,43287.csv
60446,Modular Galactic Spaceship V29,3390,30,2373.00,,img_e7b5dce190d1.jpeg,0,43287.csv
60447,Off-Road 4x4 Mountain Truck V29,1090,30,763.00,,img_e7b5dce190d1.jpeg,0,43287.csv
60451,Emergency Ambulance V29,1090,30,763.00,,img_e7b5dce190d1.jpeg,0,43287.csv
60452,Donut Truck V29,990,30,693.00,,img_e7b5dce190d1.jpeg,0,43287.csv
60455,Police Motorcycle Chase V29,490,30,343.00,,img_e7b5dce190d1.jpeg,0,43287.csv
60456,Police Boat Chase V29,1590,30,1113.00,,img_e7b5dce190d1.jpeg,0,43287.csv
60457,Custom Police Car Garage V29,2790,30,1953.00,,img_e7b5dce190d1.jpeg,0,43287.csv
60459,Airplane vs. Hospital Bed Ra.. V29,400,30,280.00,,img_e7b5dce190d1.jpeg,0,43287.csv
60461,Red Farm Tractor with Traile.. V29,900,30,630.00,,img_e7b5dce190d1.jpeg,0,43287.csv
60462,Helicopter Fire Truck & Sub.. V29,2990,30,2093.00,,img_e7b5dce190d1.jpeg,0,43287.csv
60463,Fire Ladder Truck V29,1090,30,763.00,,img_e7b5dce190d1.jpeg,0,43287.csv
60464,tbd City-Alicia-60464 V29,1090,35,708.50,,img_e7b5dce190d1.jpeg,0,43287.csv
60465,Emergency Air Ambulanc Airp.. V29,2790,35,1813.50,,img_e7b5dce190d1.jpeg,0,43287.csv
60466,Yellow Bulldozer V29,3190,35,2073.50,,img_e7b5dce190d1.jpeg,0,43287.csv
60470,Explorers' Arctic Polar Expr.. V29,10790,50,5395.00,,img_e7b5dce190d1.jpeg,0,43287.csv
60471,Arctic Explorer Science Lab .. V29,5890,35,3828.50,,img_e7b5dce190d1.jpeg,0,43287.csv
60472,Scrapyard with Cars V29,3400,30,2380.00,,img_e7b5dce190d1.jpeg,0,43287.csv
60473,The City Tower V29,8390,40,5034.00,,img_e7b5dce190d1.jpeg,0,43287.csv
60474,F1 Grid with VCARB & Sauber Race Cars,1290,35,838.50,,img_d6a0df9b9372.jpeg,0,60474.csv
60478,Cement Mixer V29,2190,30,1533.00,,img_d6a0df9b9372.jpeg,0,60474.csv
60480,Yellow Backhoe Loader,1590,20,1272.00,,img_d6a0df9b9372.jpeg,0,60474.csv
60481,Rides - Police Truck V29,390,15,331.50,,img_d6a0df9b9372.jpeg,0,60474.csv
60483,Rides - Construction Loader V29,390,15,331.50,,img_d6a0df9b9372.jpeg,0,60474.csv
60484,Rides - Gaming Race Car V29,390,15,331.50,,img_d6a0df9b9372.jpeg,0,60474.csv
60486,EV Supercar V29,490,30,343.00,,img_d6a0df9b9372.jpeg,0,60474.csv
60487,Yellow Taxi V29,790,30,553.00,,img_d6a0df9b9372.jpeg,0,60474.csv
60488,Fries Food Truck V29,690,20,552.00,,img_d6a0df9b9372.jpeg,0,60474.csv
60489,Jet vs. Car V29,1590,30,1113.00,,img_d6a0df9b9372.jpeg,0,60474.csv
60491,Motorcycle Transporter V29,1090,30,763.00,,img_d6a0df9b9372.jpeg,0,60474.csv
60492,Passenger Jet,1590,20,1272.00,,img_d6a0df9b9372.jpeg,0,60474.csv
60493,F1 Display Truck with Audi.. V29,2490,30,1743.00,,img_d6a0df9b9372.jpeg,0,60474.csv
60494,Dump Truck & Front End Loader,6790,20,5432.00,,img_d6a0df9b9372.jpeg,0,60474.csv
60495,Recycling Truck V29,2190,30,1533.00,,img_d6a0df9b9372.jpeg,0,60474.csv
60496,Pizza Delivery Experience with Vehicles,2790,20,2232.00,,img_d6a0df9b9372.jpeg,0,60474.csv
60497,Drive-Through Car Wash,2890,20,2312.00,,img_d6a0df9b9372.jpeg,0,60474.csv
60498,Tractor V29,1090,30,763.00,,img_d6a0df9b9372.jpeg,0,60474.csv
60499,Airport Fire Truck V29,3890,30,2723.00,,img_d6a0df9b9372.jpeg,0,60474.csv
60500,The LEGO Van V29,990,20,792.00,,img_d6a0df9b9372.jpeg,0,60474.csv
60501,Lava Land Roller Coaster Park,5490,20,4392.00,,img_d6a0df9b9372.jpeg,0,60474.csv
60502,Airport with Airplane V29,5490,30,3843.00,,img_d6a0df9b9372.jpeg,0,60474.csv
60503,Coast Guard Helicopter V29,3190,30,2233.00,,img_d6a0df9b9372.jpeg,0,60474.csv
60504,Coast Guard Rescue Boat & He.. V29,5890,30,4123.00,,img_d6a0df9b9372.jpeg,0,60474.csv
60505,Airplane Service Truck & Ho.. V29,3890,30,2723.00,,img_d6a0df9b9372.jpeg,0,60474.csv
60506,Classic Beach Streetcar,3890,20,3112.00,,img_d6a0df9b9372.jpeg,0,60474.csv
60508,Police Train Heist V29,10790,20,8632.00,,img_d6a0df9b9372.jpeg,0,60474.csv
60509,Harbor Freight Train with Crane & Truck,5490,20,4392.00,,img_d6a0df9b9372.jpeg,0,60474.csv
60511,Vintage Steam Train,4790,20,3832.00,,img_d6a0df9b9372.jpeg,0,60474.csv
60512,Mountain Bike Adventure Van,1090,20,872.00,,img_d6a0df9b9372.jpeg,0,60474.csv
71407,tbd-LEAF-12-2022 V29,3260,70,978.00,,img_d6a0df9b9372.jpeg,0,60474.csv
71408,tbd-LEAF-13-2022 V29,5805,70,1741.50,,img_d6a0df9b9372.jpeg,0,60474.csv
71409,tbd-LEAF-14-2022 V29,2820,70,846.00,,img_d6a0df9b9372.jpeg,0,60474.csv
71434,Soda Jungle Maker Set V29,2390,70,717.00,,img_d6a0df9b9372.jpeg,0,60474.csv
71436,King Boo's Haunted Mansion V29,3190,70,957.00,,img_d6a0df9b9372.jpeg,0,60474.csv
71437,The Bowser Express Train V29,5190,70,1557.00,,img_d6a0df9b9372.jpeg,0,60474.csv
71438,Super Mario World: Mario &.. V29,5690,40,3414.00,,img_d6a0df9b9372.jpeg,0,60474.csv
71439,Adventures with Interactive LEGO Mario,2590,70,777.00,,img_d6a0df9b9372.jpeg,0,60474.csv
71440,Adventures with Interactive LEGO Luigi,2190,70,657.00,,img_d6a0df9b9372.jpeg,0,60474.csv
71441,Adventures with Interactive LEGO Peach,2190,70,657.00,,img_d6a0df9b9372.jpeg,0,60474.csv
71799,NINJAGO City Markets V29,15000,40,9000.00,,img_d6a0df9b9372.jpeg,0,60474.csv
71808,Kai's Elemental Fire Mech V29,1590,30,1113.00,,img_d6a0df9b9372.jpeg,0,60474.csv
71810,Young Dragon Riyu V29,590,30,413.00,,img_d6a0df9b9372.jpeg,0,60474.csv
71813,Wolf Mask Shadow Dojo V29,5190,50,2595.00,,img_d6a0df9b9372.jpeg,0,60474.csv
71814,Tournament Temple City V29,11090,40,6654.00,,img_d6a0df9b9372.jpeg,0,60474.csv
71819,Dragon Stone Shrine V29,5190,70,1557.00,,img_d6a0df9b9372.jpeg,0,60474.csv
71823,Kai's Dragon Spinjitzu Spinner V29,400,30,280.00,,img_00f6f682045b.jpeg,0,71823.csv
71826,Dragon Spinjitzu Battle Pack V29,1090,40,654.00,,img_00f6f682045b.jpeg,0,71823.csv
71827,Zane's Battle Suit Mech V29,490,40,294.00,,img_00f6f682045b.jpeg,0,71823.csv
71828,Lloyd's Pull-Back Race Car V29,1290,40,774.00,,img_00f6f682045b.jpeg,0,71823.csv
71829,Lloyd's Green Forest Dragon V29,1090,40,654.00,,img_00f6f682045b.jpeg,0,71823.csv
71830,Kai's Mech Storm Rider V29,2590,40,1554.00,,img_00f6f682045b.jpeg,0,71823.csv
71831,Ninja Spinjitzu Temple V29,2090,50,1045.00,,img_00f6f682045b.jpeg,0,71823.csv
71832,Thunderfang Dragon of Chaos,3790,40,2274.00,,img_00f6f682045b.jpeg,0,71823.csv
71833,Ras and Arin's Super Storm Jet V29,2200,40,1320.00,,img_00f6f682045b.jpeg,0,71823.csv
71836,Arc Dragon of Focus,5490,40,3294.00,,img_00f6f682045b.jpeg,0,71823.csv
71837,NINJAGO City Workshops,11090,30,7763.00,,img_00f6f682045b.jpeg,0,71823.csv
71838,Kai's Motorcycle Speed Race V29,490,40,294.00,,img_00f6f682045b.jpeg,0,71823.csv
71839,Arin's Spinjitzu Battle Mech V29,1090,40,654.00,,img_00f6f682045b.jpeg,0,71823.csv
71840,Rogue vs. Drix Race Car Duel V29,1090,30,763.00,,img_00f6f682045b.jpeg,0,71823.csv
71841,Dragonian Storm Village V29,1690,40,1014.00,,img_00f6f682045b.jpeg,0,71823.csv
71842,Rontu the Master Dragon V29,2290,30,1603.00,,img_00f6f682045b.jpeg,0,71823.csv
71843,Rogue's Mech Dragon Rider V29,3690,30,2583.00,,img_00f6f682045b.jpeg,0,71823.csv
71844,Ninja Combat Vehicle V29,4590,30,3213.00,,img_00f6f682045b.jpeg,0,71823.csv
71845,Lloyd's Jet Mech V29,5190,30,3633.00,,img_00f6f682045b.jpeg,0,71823.csv
71846,The Fire Knight Mech V29,6790,30,4753.00,,img_00f6f682045b.jpeg,0,71823.csv
71847,The Guardian Dragon V29,8190,30,5733.00,,img_00f6f682045b.jpeg,0,71823.csv
71849,Nya vs. Mutation Monster Spi.. V29,490,30,343.00,,img_00f6f682045b.jpeg,0,71823.csv
71850,Lloyd vs. Earth Monster Spin.. V29,490,30,343.00,,img_00f6f682045b.jpeg,0,71823.csv
71851,Kai's Dragon Mech Battle Pack V29,390,20,312.00,,img_00f6f682045b.jpeg,0,71823.csv
71853,Jay's Dragon Mech Fight V29,1090,30,763.00,,img_00f6f682045b.jpeg,0,71823.csv
71854,Cole's Mission Mech & Dragon.. V29,990,20,792.00,,img_00f6f682045b.jpeg,0,71823.csv
71855,Ninja Dragon Riyu's Battle V29,2490,30,1743.00,,img_00f6f682045b.jpeg,0,71823.csv
71856,Jay's Transforming Car V29,2790,30,1953.00,,img_00f6f682045b.jpeg,0,71823.csv
71857,Ninja Vehicle Tree House Bat.. V29,4290,30,3003.00,,img_00f6f682045b.jpeg,0,71823.csv
71858,Four Weapons Blacksmith 15th.. V29,5490,30,3843.00,,img_00f6f682045b.jpeg,0,71823.csv
71859,The Dragon of Life V29,5490,30,3843.00,,img_00f6f682045b.jpeg,0,71823.csv
71860,Lloyd's Titan Mech 15th Anni.. V29,7390,30,5173.00,,img_00f6f682045b.jpeg,0,71823.csv
71861,The Old Town 15th Anniversary V29,13090,20,10472.00,,img_00f6f682045b.jpeg,0,71823.csv
71862,Lloyd's Dragon Mech Battle Pack,490,20,392.00,,img_00f6f682045b.jpeg,0,71823.csv
71863,Zilvar and Grimtak the Dragon Beast,1090,20,872.00,,img_00f6f682045b.jpeg,0,71823.csv
71864,Kai and Cole's Combiner Vehicles,1590,20,1272.00,,img_00f6f682045b.jpeg,0,71823.csv
71865,Zane's Ice Dragon Battle,2290,20,1832.00,,img_00f6f682045b.jpeg,0,71823.csv
71866,Ninja Character Display 15th.. V29,1390,20,1112.00,,img_00f6f682045b.jpeg,0,71823.csv
71867,X-1 Ninja Charger 15th Anniversary,4290,20,3432.00,,img_00f6f682045b.jpeg,0,71823.csv
71868,Wyldfyre's Transforming Dragon Mech,4790,20,3832.00,,img_00f6f682045b.jpeg,0,71823.csv
71869,Land Bounty,7390,20,5912.00,,img_00f6f682045b.jpeg,0,71823.csv
71870,The Twin Titan Mechs,7790,20,6232.00,,img_00f6f682045b.jpeg,0,71823.csv
71871,Battle at the Dragon's Blade,4790,20,3832.00,,img_00f6f682045b.jpeg,0,71823.csv
71872,Ultra Dragon Battle,10790,20,8632.00,,img_00f6f682045b.jpeg,0,71823.csv
72031,Mario Kart - Yoshi Bike V29,600,40,360.00,,img_00f6f682045b.jpeg,0,71823.csv
72032,Mario Kart - Standard Kart V29,990,40,594.00,,img_00f6f682045b.jpeg,0,71823.csv
72034,Mario Kart - Baby Mario vs... V29,1300,40,780.00,,img_37dc83ab485c.jpeg,0,72034.csv
72037,Mario Kart - Mario & Standa.. V29,7390,25,5542.50,,img_37dc83ab485c.jpeg,0,72034.csv
72038,Mario Kart - Wario & King Boo V29,2590,40,1554.00,,img_37dc83ab485c.jpeg,0,72034.csv
72039,Mario Kart - Bowser's Castle V29,5190,40,3114.00,,img_37dc83ab485c.jpeg,0,72034.csv
72040,Captain Toad's Camp V29,790,40,474.00,,img_37dc83ab485c.jpeg,0,72034.csv
72041,Party at Toad's House V29,1490,40,894.00,,img_37dc83ab485c.jpeg,0,72034.csv
72042,Prince Florian & Castle Bowser V29,5190,40,3114.00,,img_37dc83ab485c.jpeg,0,72034.csv
72043,Mario Kart - Interactive LE.. V29,2790,40,1674.00,,img_37dc83ab485c.jpeg,0,72034.csv
72044,Mario Kart - Piranha Plant Power-Up Pursu,2590,40,1554.00,,img_37dc83ab485c.jpeg,0,72034.csv
72045,Mario Kart - Shy Guy & P-Wing,1090,40,654.00,,img_37dc83ab485c.jpeg,0,72034.csv
72050,SUPER MARIO 72050 V29,7990,25,5992.50,,img_37dc83ab485c.jpeg,0,72034.csv
72051,Donkey Kong Arcade,7390,15,6281.50,,img_37dc83ab485c.jpeg,0,72034.csv
72423,Shrek Donkey & Puss in Boots,5590,15,4751.50,,img_37dc83ab485c.jpeg,0,72034.csv
72537,KPop Demon Hunters Derpy Tiger and Suss,3890,15,3306.50,,img_37dc83ab485c.jpeg,0,72034.csv
75192,MILLENNIUM FALCON - 75192,43990,20,35192.00,,img_37dc83ab485c.jpeg,0,72034.csv
75350,tdb LSW 2023 7 V29,2990,40,1794.00,,img_37dc83ab485c.jpeg,0,72034.csv
75351,tdb LSW 2023 8 V29,2990,70,897.00,,img_37dc83ab485c.jpeg,0,72034.csv
75362,Ahsoka Tano's T-6 Jedi Shuttle,2990,70,897.00,,img_37dc83ab485c.jpeg,0,72034.csv
75367,tdb-LSW-2023-24 V29,29190,30,20433.00,,img_37dc83ab485c.jpeg,0,72034.csv
75371,Chewbacca,8490,50,4245.00,,img_37dc83ab485c.jpeg,0,72034.csv
75372,Clone Trooper & Battle Droi.. V29,1590,30,1113.00,,img_37dc83ab485c.jpeg,0,72034.csv
75374,The Onyx Cinder,5890,50,2945.00,,img_37dc83ab485c.jpeg,0,72034.csv
75375,Millennium Falcon,4690,30,3283.00,,img_37dc83ab485c.jpeg,0,72034.csv
75376,Tantive IV,3390,70,1017.00,,img_37dc83ab485c.jpeg,0,72034.csv
75377,Invisible Hand,2290,50,1145.00,,img_37dc83ab485c.jpeg,0,72034.csv
75379,R2-D2,5490,30,3843.00,,img_37dc83ab485c.jpeg,0,72034.csv
75380,Mos Espa Podrace Diorama V29,3390,50,1695.00,,img_37dc83ab485c.jpeg,0,72034.csv
75382,LSW TIE Interceptor,9890,50,4945.00,,img_37dc83ab485c.jpeg,0,72034.csv
75383,Darth Maul's Sith Infiltrator V29,2990,50,1495.00,,img_37dc83ab485c.jpeg,0,72034.csv
75384,The Crimson Firehawk V29,2290,70,687.00,,img_37dc83ab485c.jpeg,0,72034.csv
75389,The Dark Falcon,9790,50,4895.00,,img_37dc83ab485c.jpeg,0,72034.csv
75392,Creative Play Droid,4290,50,2145.00,,img_37dc83ab485c.jpeg,0,72034.csv
75397,Jabba's Sail Barge,22290,40,13374.00,,img_37dc83ab485c.jpeg,0,72034.csv
75398,C-3PO,7790,40,4674.00,,img_37dc83ab485c.jpeg,0,72034.csv
75399,LEGO Star Wars 75399 Rebel U-Wing Starfighter (,3890,30,2723.00,,img_37dc83ab485c.jpeg,0,72034.csv
75400,Plo Koon's Jedi Starfighter.. V29,790,30,553.00,,img_37dc83ab485c.jpeg,0,72034.csv
75402,ARC-170 Starfighter V29,3890,40,2334.00,,img_37dc83ab485c.jpeg,0,72034.csv
75403,Grogu with Hover Pram V29,5490,30,3843.00,,img_37dc83ab485c.jpeg,0,72034.csv
75405,Home One Starcruiser V29,3000,40,1800.00,,img_37dc83ab485c.jpeg,0,72034.csv
75406,LEGO Star Wars 75406 Kylo Ren's Command Shut,3690,30,2583.00,,img_37dc83ab485c.jpeg,0,72034.csv
75407,LEGO Star Wars 75407 Brick-Built Star Wars Logo,3890,30,2723.00,,img_37dc83ab485c.jpeg,0,72034.csv
75408,LEGO Star Wars 75408 Jango Fett Helmet (616 Pie,4290,40,2574.00,,img_37dc83ab485c.jpeg,0,72034.csv
75409,LEGO Star Wars 75409 Jango Fett's Firespray-Clas,13090,30,9163.00,,img_37dc83ab485c.jpeg,0,72034.csv
75410,Mando and Grogu's N-1 Starf.. V29,1300,30,910.00,,img_37dc83ab485c.jpeg,0,72034.csv
75411,Darth Maul Mech V29,790,30,553.00,,img_37dc83ab485c.jpeg,0,72034.csv
75412,Death Trooper & Night Troope.. V29,1090,30,763.00,,img_37dc83ab485c.jpeg,0,72034.csv
75413,Star Wars Republic Juggernaut,8190,40,4914.00,,img_ef7e7ee4093a.jpeg,0,75413.csv
75414,Star Wars The Force Burner Snowspeeder,2790,40,1674.00,,img_ef7e7ee4093a.jpeg,0,75413.csv
75416,LEGO Star Wars 75416 Chopper (C1-10P) Astrome,5690,40,3414.00,,img_ef7e7ee4093a.jpeg,0,75413.csv
75417,Star Wars AT-ST Walker,10790,40,6474.00,,img_ef7e7ee4093a.jpeg,0,75413.csv
75419,Star Wars 75419 V29,43890,20,35112.00,,img_ef7e7ee4093a.jpeg,0,75413.csv
75428,Battle Droid with STAP V29,7390,40,4434.00,,img_ef7e7ee4093a.jpeg,0,75413.csv
75430,Star Wars Wicket the Ewok,6790,50,3395.00,,img_ef7e7ee4093a.jpeg,0,75413.csv
75431,327th Star Corps Clone Troop.. V29,2190,40,1314.00,,img_ef7e7ee4093a.jpeg,0,75413.csv
75432,V-19 Torrent Starfighter V29,3390,40,2034.00,,img_ef7e7ee4093a.jpeg,0,75413.csv
75433,Star Wars Jango Fett's Starship,3890,40,2334.00,,img_ef7e7ee4093a.jpeg,0,75413.csv
75434,K-2SO Security Droid V29,4790,40,2874.00,,img_ef7e7ee4093a.jpeg,0,75413.csv
75435,Star Wars Battle of Felucia Separatist MIT,8190,40,4914.00,,img_ef7e7ee4093a.jpeg,0,75413.csv
75436,The Mandalorian & Grogu's Sp.. V29,490,30,343.00,,img_ef7e7ee4093a.jpeg,0,75413.csv
75437,Cobb Vanth's Speeder V29,990,20,792.00,,img_ef7e7ee4093a.jpeg,0,75413.csv
75438,STAR WARS 75438 V29,2290,20,1832.00,,img_ef7e7ee4093a.jpeg,0,75413.csv
75439,STAR WARS 75439 V29,2790,20,2232.00,,img_ef7e7ee4093a.jpeg,0,75413.csv
75440,STAR WARS 75440 V29,3390,30,2373.00,,img_ef7e7ee4093a.jpeg,0,75413.csv
75441,STAR WARS 75441 V29,4290,30,3003.00,,img_ef7e7ee4093a.jpeg,0,75413.csv
75442,STAR WARS The Mandalorian's N-1 Starfigh,11090,20,8872.00,,img_ef7e7ee4093a.jpeg,0,75413.csv
75443,Grogu's Homestead V29,1090,30,763.00,,img_ef7e7ee4093a.jpeg,0,75413.csv
75444,AT-RT Attack V29,2490,20,1992.00,,img_ef7e7ee4093a.jpeg,0,75413.csv
75445,Anzellian Starship V29,3990,20,3192.00,,img_ef7e7ee4093a.jpeg,0,75413.csv
75446,Grogu (Mandalorian Apprenti.. V29,7390,20,5912.00,,img_ef7e7ee4093a.jpeg,0,75413.csv
75447,The Razor Crest,8190,20,6552.00,,img_ef7e7ee4093a.jpeg,0,75413.csv
75449,Siege of Mandalore Battle Pack V29,1090,30,763.00,,img_ef7e7ee4093a.jpeg,0,75413.csv
75451,Hutt Palace Sentry Droid Showdown,2790,15,2371.50,,img_ef7e7ee4093a.jpeg,0,75413.csv
75452,STAR WARS 75452 V29,4790,30,3353.00,,img_ef7e7ee4093a.jpeg,0,75413.csv
75453,Offworld Sandcrawler and Mudhorn,10790,15,9171.50,,img_ef7e7ee4093a.jpeg,0,75413.csv
75455,STAR WARS 75455,7390,15,6281.50,,img_ef7e7ee4093a.jpeg,0,75413.csv
75458,STAR WARS 75458,3890,20,3112.00,,img_ef7e7ee4093a.jpeg,0,75413.csv
75459,Imperial Lambda-Class Shuttle,8190,15,6961.50,,img_ef7e7ee4093a.jpeg,0,75413.csv
75460,New Republic X-Wing Starfigh.. V29,3890,20,3112.00,,img_ef7e7ee4093a.jpeg,0,75413.csv
75636,Windmill Village Hut V29,1590,30,1113.00,,img_ef7e7ee4093a.jpeg,0,75413.csv
75637,Buggy the Clown's Circus Tent V29,2790,30,1953.00,,img_ef7e7ee4093a.jpeg,0,75413.csv
75638,Battle at Arlong Park V29,4090,30,2863.00,,img_ef7e7ee4093a.jpeg,0,75413.csv
75639,The Going Merry Pirate Ship V29,7390,30,5173.00,,img_ef7e7ee4093a.jpeg,0,75413.csv
75640,The Baratie Floating Restaur.. V29,16190,30,11333.00,,img_ef7e7ee4093a.jpeg,0,75413.csv
75641,Dr. Hiriluk's Hideout,1290,15,1096.50,,img_ef7e7ee4093a.jpeg,0,75413.csv
75642,Showdown with Captain Smoker,2590,15,2201.50,,img_ef7e7ee4093a.jpeg,0,75413.csv
75643,Tony Tony Chopper,3090,15,2626.50,,img_ef7e7ee4093a.jpeg,0,75413.csv
75644,Dorry vs. Brogy - Giants of Little Garden,3490,15,2966.50,,img_ef7e7ee4093a.jpeg,0,75413.csv
75645,Battle at Drum Castle,4390,15,3731.50,,img_ef7e7ee4093a.jpeg,0,75413.csv
75646,Garp's Marine Battleship,7390,15,6281.50,,img_ef7e7ee4093a.jpeg,0,75413.csv
75647,Gum-Gum Fruit,3090,15,2626.50,,img_ef7e7ee4093a.jpeg,0,75413.csv
75681,Glinda Elphaba & Nessarose.. V29,1290,70,387.00,,img_ef7e7ee4093a.jpeg,0,75413.csv
75682,Elphaba & Glinda Figures V29,2390,70,717.00,,img_ef7e7ee4093a.jpeg,0,75413.csv
75683,Glinda & Elphaba's Dormitory V29,2990,70,897.00,,img_dacae1bc51fb.jpeg,0,75683.csv
75684,Welcome to Emerald City V29,4290,70,1287.00,,img_dacae1bc51fb.jpeg,0,75683.csv
76232,The Hoopty V29,3800,70,1140.00,,img_dacae1bc51fb.jpeg,0,75683.csv
76257,tbd-LSH-14-2023 V29,1400,50,700.00,,img_dacae1bc51fb.jpeg,0,75683.csv
76266,Endgame Final Battle V29,4290,70,1287.00,,img_dacae1bc51fb.jpeg,0,75683.csv
76274,Batman with the Batmobile.. V29,2390,30,1673.00,,img_dacae1bc51fb.jpeg,0,75683.csv
76278,Rocket's Warbird vs. Ronan,1590,70,477.00,,img_dacae1bc51fb.jpeg,0,75683.csv
76281,X-Men X-Jet,3590,70,1077.00,,img_dacae1bc51fb.jpeg,0,75683.csv
76284,Green Goblin Construction Figure,1590,70,477.00,,img_dacae1bc51fb.jpeg,0,75683.csv
76287,Iron Man with Bike and The Hulk,590,50,295.00,,img_dacae1bc51fb.jpeg,0,75683.csv
76296,New Captain America Construction Figure,1490,50,745.00,,img_dacae1bc51fb.jpeg,0,75683.csv
76297,Dancing Groot V29,1890,50,945.00,,img_dacae1bc51fb.jpeg,0,75683.csv
76302,Superman Mech vs. Lex Luthor V29,600,30,420.00,,img_dacae1bc51fb.jpeg,0,75683.csv
76303,Batman Tumbler vs. Two-Face.. V29,3190,30,2233.00,,img_dacae1bc51fb.jpeg,0,75683.csv
76304,Batman Forever Batmobile V29,5490,30,3843.00,,img_dacae1bc51fb.jpeg,0,75683.csv
76307,Iron Man Mech vs. Ultron V29,790,30,553.00,,img_dacae1bc51fb.jpeg,0,75683.csv
76308,Spider-Man Mech vs. Anti-Venom V29,790,40,474.00,,img_dacae1bc51fb.jpeg,0,75683.csv
76310,Iron Man Car & Black Panther.. V29,1290,30,903.00,,img_dacae1bc51fb.jpeg,0,75683.csv
76311,Spider-Verse: Miles Morales.. V29,2200,30,1540.00,,img_dacae1bc51fb.jpeg,0,75683.csv
76312,The Hulk Truck vs. Thanos V29,1490,30,1043.00,,img_dacae1bc51fb.jpeg,0,75683.csv
76313,MARVEL Logo & Minifigures V29,5490,40,3294.00,,img_dacae1bc51fb.jpeg,0,75683.csv
76314,Captain America: Civil War A.. V29,4300,30,3010.00,,img_dacae1bc51fb.jpeg,0,75683.csv
76315,Iron Man's Laboratory: Hall.. V29,2890,40,1734.00,,img_dacae1bc51fb.jpeg,0,75683.csv
76316,SH Marvel 76316 V29,3190,40,1914.00,,img_dacae1bc51fb.jpeg,0,75683.csv
76317,Peter Parker's Apartment V29,2790,40,1674.00,,img_dacae1bc51fb.jpeg,0,75683.csv
76319,Captain America vs. Thanos V29,1790,30,1253.00,,img_dacae1bc51fb.jpeg,0,75683.csv
76320,Iron Man & War Machine vs. H.. V29,1090,30,763.00,,img_dacae1bc51fb.jpeg,0,75683.csv
76321,Spider-Man vs. Doc Ock Subwa.. V29,2790,30,1953.00,,img_dacae1bc51fb.jpeg,0,75683.csv
76323,Avengers: Endgame Final Battle V29,5490,40,3294.00,,img_dacae1bc51fb.jpeg,0,75683.csv
76325,Avengers: Age of Ultron Quin.. V29,6790,50,3395.00,,img_dacae1bc51fb.jpeg,0,75683.csv
76326,Iron Spider-Man Bust V29,3190,30,2233.00,,img_dacae1bc51fb.jpeg,0,75683.csv
76327,Iron Man MK4 Bust V29,3190,40,1914.00,,img_dacae1bc51fb.jpeg,0,75683.csv
76328,Batman: The Classic TV Seri.. V29,7790,40,4674.00,,img_dacae1bc51fb.jpeg,0,75683.csv
76330,Batman Logo V29,4290,30,3003.00,,img_dacae1bc51fb.jpeg,0,75683.csv
76331,Batman v Superman Batmobile V29,1590,30,1113.00,,img_dacae1bc51fb.jpeg,0,75683.csv
76332,The Batman Batmobile V29,1590,30,1113.00,,img_dacae1bc51fb.jpeg,0,75683.csv
76333,Batman & Robin Batmobile V29,1590,30,1113.00,,img_dacae1bc51fb.jpeg,0,75683.csv
76334,Epic Battle: Spider-Man vs... V29,790,20,632.00,,img_dacae1bc51fb.jpeg,0,75683.csv
76335,Spider-Man vs. Ghost Rider M.. V29,390,20,312.00,,img_dacae1bc51fb.jpeg,0,75683.csv
76336,Spider-Man Car vs. Venomized.. V29,690,20,552.00,,img_dacae1bc51fb.jpeg,0,75683.csv
76337,Miles Morales Mech vs. Spide.. V29,490,20,392.00,,img_dacae1bc51fb.jpeg,0,75683.csv
76338,Mech Battle: Spider-Man vs... V29,1590,30,1113.00,,img_dacae1bc51fb.jpeg,0,75683.csv
76339,Fantastic Four H.E.R.B.I.E.,3890,15,3306.50,,img_dacae1bc51fb.jpeg,0,75683.csv
76341,Super Heroes 76341 V29,3190,30,2233.00,,img_dacae1bc51fb.jpeg,0,75683.csv
76342,Spider-Man vs. Mysterio: The.. V29,5890,30,4123.00,,img_dacae1bc51fb.jpeg,0,75683.csv
76343,Epic Battle: Hulkbuster vs... V29,2790,30,1953.00,,img_dacae1bc51fb.jpeg,0,75683.csv
76344,Iron Man Mark 3 Collectors'.. V29,7390,30,5173.00,,img_2b4fbb94ecd7d.jpeg,0,76344.csv
76345,Doctor Doom Bust,2790,0,2790.00,,img_2b4fbb94ecd7d.jpeg,0,76344.csv
76346,SUPER HEROES 76346,5490,20,4392.00,,img_2b4fbb94ecd7d.jpeg,0,76344.csv
76349,SUPER HEROES 76349,2790,20,2232.00,,img_2b4fbb94ecd7d.jpeg,0,76344.csv
76350,SUPER HEROES 76350,4790,20,3832.00,,img_2b4fbb94ecd7d.jpeg,0,76344.csv
76354,S.H.I.E.L.D. Helicarrier,19090,20,15272.00,,img_2b4fbb94ecd7d.jpeg,0,76344.csv
76355,Batman Returns Batmobile,9290,0,9290.00,,img_2b4fbb94ecd7d.jpeg,0,76344.csv
76419,Hogwarts Castle and Grounds V29,9190,30,6433.00,,img_2b4fbb94ecd7d.jpeg,0,76344.csv
76437,The Burrow Collectors' Edition,9890,40,5934.00,,img_2b4fbb94ecd7d.jpeg,0,76344.csv
76440,Triwizard Tournament: The Ar.. V29,5890,50,2945.00,,img_2b4fbb94ecd7d.jpeg,0,76344.csv
76443,Hagrid & Harry's Motorcycle.. V29,2200,30,1540.00,,img_2b4fbb94ecd7d.jpeg,0,76344.csv
76444,Diagon Alley Wizarding Shops V29,10790,30,7553.00,,img_2b4fbb94ecd7d.jpeg,0,76344.csv
76445,Hogwarts Castle: Herbology.. V29,2790,50,1395.00,,img_2b4fbb94ecd7d.jpeg,0,76344.csv
76446,Knight Bus Adventure,2200,30,1540.00,,img_2b4fbb94ecd7d.jpeg,0,76344.csv
76447,Hogwarts Castle: Flying Les.. V29,3390,30,2373.00,,img_2b4fbb94ecd7d.jpeg,0,76344.csv
76448,Fawkes: Dumbledore's Phoenix V29,990,30,693.00,,img_2b4fbb94ecd7d.jpeg,0,76344.csv
76449,Chomping Monster Book of Mon.. V29,3190,50,1595.00,,img_2b4fbb94ecd7d.jpeg,0,76344.csv
76450,Book Nook: Hogwarts Express V29,5490,50,2745.00,,img_2b4fbb94ecd7d.jpeg,0,76344.csv
76451,Privet Drive: Aunt Marge's V.. V29,4790,50,2395.00,,img_2b4fbb94ecd7d.jpeg,0,76344.csv
76452,Quality Quidditch Supplies.. V29,5190,50,2595.00,,img_2b4fbb94ecd7d.jpeg,0,76344.csv
76454,Hogwarts Castle: The Main T.. V29,13790,30,9653.00,,img_2b4fbb94ecd7d.jpeg,0,76344.csv
76456,Advent Calendar 2025 V29,1400,50,700.00,,img_2b4fbb94ecd7d.jpeg,0,76344.csv
76457,Harry Potter 76457 V29,16690,20,13352.00,,img_2b4fbb94ecd7d.jpeg,0,76344.csv
76458,Thestral Family V29,3890,30,2723.00,,img_2b4fbb94ecd7d.jpeg,0,76344.csv
76459,Hagrid & Harry's Privet Dri.. V29,1090,30,763.00,,img_2b4fbb94ecd7d.jpeg,0,76344.csv
76461,Cornish Pixie V29,1590,30,1113.00,,img_2b4fbb94ecd7d.jpeg,0,76344.csv
76462,Hogwarts House Crest,2790,20,2232.00,,img_2b4fbb94ecd7d.jpeg,0,76344.csv
76463,Hogwarts Castle: Hospital W.. V29,5490,30,3843.00,,img_2b4fbb94ecd7d.jpeg,0,76344.csv
76464,Cauldron: Secret Potions Cla.. V29,3190,30,2233.00,,img_2b4fbb94ecd7d.jpeg,0,76344.csv
76466,Sorcerer's Stone - Collector.. V29,8790,30,6153.00,,img_2b4fbb94ecd7d.jpeg,0,76344.csv
76467,Luna Lovegood's House V29,5490,30,3843.00,,img_2b4fbb94ecd7d.jpeg,0,76344.csv
76469,Dobby the Free Elf,1790,20,1432.00,,img_2b4fbb94ecd7d.jpeg,0,76344.csv
76470,Enchanted Flying Ford Anglia V29,4290,30,3003.00,,img_2b4fbb94ecd7d.jpeg,0,76344.csv
76471,Knockturn Alley Wizarding Shops,5490,20,4392.00,,img_2b4fbb94ecd7d.jpeg,0,76344.csv
76473,Hogwarts Castle: East Wing,13790,20,11032.00,,img_2b4fbb94ecd7d.jpeg,0,76344.csv
76474,Hogwarts Herbology Plants,5490,20,4392.00,,img_2b4fbb94ecd7d.jpeg,0,76344.csv
76475,Forbidden Forest: Expecto Patronum,1590,20,1272.00,,img_2b4fbb94ecd7d.jpeg,0,76344.csv
76476,The Ministry of Magic,19090,0,19090.00,,img_2b4fbb94ecd7d.jpeg,0,76344.csv
76477,Norbert: Hagrid's Baby Dragon,2790,20,2232.00,,img_2b4fbb94ecd7d.jpeg,0,76344.csv
76478,Book Nook: Dumbledore's Office,6790,20,5432.00,,img_2b4fbb94ecd7d.jpeg,0,76344.csv
76785,Wednesday 76785 V29,3390,70,1017.00,,img_2b4fbb94ecd7d.jpeg,0,76344.csv
76786,Wednesday 76786 V29,4290,70,1287.00,,img_2b4fbb94ecd7d.jpeg,0,76344.csv
76919,McLaren Formula 1 Race Car,1090,30,763.00,,img_2b4fbb94ecd7d.jpeg,0,76344.csv
76922,BMW M4 GT3 & BMW M Hybrid V8.. V29,2190,30,1533.00,,img_2b4fbb94ecd7d.jpeg,0,76344.csv
76924,Mercedes-AMG G 63 & Mercedes-AMG SL G,2790,40,1674.00,,img_2b4fbb94ecd7d.jpeg,0,76344.csv
76925,Aston Martin Safety Car & AM.. V29,2190,30,1533.00,,img_2b4fbb94ecd7d.jpeg,0,76344.csv
76934,Ferrari F40 Supercar V29,1390,30,973.00,,img_2a34f8232b90.jpeg,0,76934.csv
76935,NASCAR Next Gen Chevrolet Camaro ZL1,1090,50,545.00,,img_2a34f8232b90.jpeg,0,76934.csv
76967,tbd-Jurassic-World-76967 V29,1190,30,833.00,,img_2a34f8232b90.jpeg,0,76934.csv
76968,Dinosaur Fossils: Tyrannosaurus rex,11090,20,8872.00,,img_2a34f8232b90.jpeg,0,76934.csv
76970,Baby Dinosaur Dolores: Aquil.. V29,1190,40,714.00,,img_2a34f8232b90.jpeg,0,76934.csv
76973,Raptor & Titanosaurus Tracki.. V29,5190,40,3114.00,,img_2a34f8232b90.jpeg,0,76934.csv
76974,Brick-Built Mosasaurus Boat.. V29,3190,40,1914.00,,img_2a34f8232b90.jpeg,0,76934.csv
76976,Spinosaurus & Quetzalcoatlus.. V29,8190,40,4914.00,,img_2a34f8232b90.jpeg,0,76934.csv
76997,Tails' Adventure Boat V29,2390,50,1195.00,,img_2a34f8232b90.jpeg,0,76934.csv
77001,Sonic's Campfire Clash V29,1090,50,545.00,,img_2a34f8232b90.jpeg,0,76934.csv
77002,Cyclone vs. Metal Sonic V29,1590,50,795.00,,img_2a34f8232b90.jpeg,0,76934.csv
77003,Super Shadow vs. Biolizard V29,2290,50,1145.00,,img_2a34f8232b90.jpeg,0,76934.csv
77005,Knuckles vs. Dr. Eggman Egg.. V29,2190,50,1095.00,,img_2a34f8232b90.jpeg,0,76934.csv
77006,Team Sonic Command Truck V29,3890,50,1945.00,,img_2a34f8232b90.jpeg,0,76934.csv
77050,Nook's Cranny & Rosie's House V29,3190,70,957.00,,img_2a34f8232b90.jpeg,0,76934.csv
77051,Fly with Dodo Airlines V29,1590,70,477.00,,img_2a34f8232b90.jpeg,0,76934.csv
77052,K.K.'s Concert at the Plaza V29,3390,70,1017.00,,img_2a34f8232b90.jpeg,0,76934.csv
77071,Supply Llama V29,1790,35,1163.50,,img_2a34f8232b90.jpeg,0,76934.csv
77073,Battle Bus V29,4390,35,2853.50,,img_2a34f8232b90.jpeg,0,76934.csv
77075,Peely & Sparkplug's Camp V29,1090,35,708.50,,img_2a34f8232b90.jpeg,0,76934.csv
77076,Durr Burger Restaurant V29,3190,35,2073.50,,img_2a34f8232b90.jpeg,0,76934.csv
77077,Klombo V29,5490,35,3568.50,,img_2a34f8232b90.jpeg,0,76934.csv
77078,Mecha Team Leader V29,12490,35,8118.50,,img_2a34f8232b90.jpeg,0,76934.csv
77079,Tomatohead,790,30,553.00,,img_2a34f8232b90.jpeg,0,76934.csv
77080,Supply Drop,2290,30,1603.00,,img_2a34f8232b90.jpeg,0,76934.csv
77081,KIT,5490,30,3843.00,,img_2a34f8232b90.jpeg,0,76934.csv
77082,Rave Cave,10790,30,7553.00,,img_2a34f8232b90.jpeg,0,76934.csv
77118,Silver's Car vs. Knuckles' M.. V29,2190,40,1314.00,,img_2a34f8232b90.jpeg,0,76934.csv
77119,Tails' Tornado-1,1590,30,1113.00,,img_2a34f8232b90.jpeg,0,76934.csv
77120,Shadow's Mech vs. G.U.N. Trooper,2790,30,1953.00,,img_2a34f8232b90.jpeg,0,76934.csv
77237,Dodge Challenger SRT Hellcat.. V29,1390,30,973.00,,img_2a34f8232b90.jpeg,0,76934.csv
77238,Lamborghini Revuelto & Hurac.. V29,2790,30,1953.00,,img_2a34f8232b90.jpeg,0,76934.csv
77239,Porsche 911 GT3 RS Super Car V29,1390,20,1112.00,,img_2a34f8232b90.jpeg,0,76934.csv
77240,Bugatti Centodieci Hyper Spo.. V29,1390,30,973.00,,img_2a34f8232b90.jpeg,0,76934.csv
77241,2 Fast 2 Furious Honda S2000 V29,1390,30,973.00,,img_2a34f8232b90.jpeg,0,76934.csv
77242,Ferrari SF-24 F1 Race Car,1390,,Buy 2 Free 1,Buy 2 Free 1,img_2a34f8232b90.jpeg,0,76934.csv
77243,Oracle Red Bull Racing RB20 F1 Race Car,1390,,Buy 2 Free 1,Buy 2 Free 1,img_2a34f8232b90.jpeg,0,76934.csv
77244,Mercedes-AMG F1 W15 F1 Race Car,1390,,Buy 2 Free 1,Buy 2 Free 1,img_2a34f8232b90.jpeg,0,76934.csv
77245,Aston Martin Aramco F1 AMR24 Race Car,1390,,Buy 2 Free 1,Buy 2 Free 1,img_2a34f8232b90.jpeg,0,76934.csv
77246,Visa Cash App RB VCARB 01 F1 Race Car,1390,,Buy 2 Free 1,Buy 2 Free 1,img_2a34f8232b90.jpeg,0,76934.csv
77248,BWT Alpine F1 Team A524 Race Car,1390,,Buy 2 Free 1,Buy 2 Free 1,img_2a34f8232b90.jpeg,0,76934.csv
77249,Williams Racing FW46 F1 Race Car,1390,,Buy 2 Free 1,Buy 2 Free 1,img_2a34f8232b90.jpeg,0,76934.csv
77250,MoneyGram Haas F1 Team VF-24 Race Car,1390,,Buy 2 Free 1,Buy 2 Free 1,img_2a34f8232b90.jpeg,0,76934.csv
77251,McLaren F1 Team MCL38 Race Car,1390,,Buy 2 Free 1,Buy 2 Free 1,img_2a34f8232b90.jpeg,0,76934.csv
77252,APXGP Team Race Car from F1.. V29,890,30,623.00,,img_2a34f8232b90.jpeg,0,76934.csv
77253,Bugatti Vision GT Hyper Spor.. V29,890,20,712.00,,img_2a34f8232b90.jpeg,0,76934.csv
