item,description,price_thb,discount_pct,sale_price_thb,promo,source_image,needs_review
31211,The Fauna Collection - Macaw.. V29,2190,70,657.00,,img_bc34be1da1b0.jpeg,0
31214,LOVE V29,4290,35,2788.50,,img_bc34be1da1b0.jpeg,0
31215,Vincent van Gogh - Sunflowers,8790,25,6592.50,,img_bc34be1da1b0.jpeg,0
31216,Art Keith Haring - Dancing Figures,6790,25,5092.50,,img_bc34be1da1b0.jpeg,0
31217,The Fauna Collection - Tiger V29,2990,25,2242.50,,img_bc34be1da1b0.jpeg,0
31218,Japanese Cherry Blossom Land.. V29,6790,20,5432.00,,img_bc34be1da1b0.jpeg,0
31220,ART 31220 V29,8790,20,7032.00,,img_bc34be1da1b0.jpeg,0
31376,Cute Hamster with a Flower V29,490,30,343.00,,img_bc34be1da1b0.jpeg,0
31377,Turtle with a Water Lily Flo.. V29,490,30,343.00,,img_bc34be1da1b0.jpeg,0
31378,Space Exploration Telescope V29,1790,30,1253.00,,img_bc34be1da1b0.jpeg,0
31379,Fierce Dinosaur V29,790,20,632.00,,img_bc34be1da1b0.jpeg,0
31380,Retro Gaming Console V29,690,20,552.00,,img_bc34be1da1b0.jpeg,0
31381,Fierce Shark with a Treasure.. V29,1790,30,1253.00,,img_bc34be1da1b0.jpeg,0
31382,Cute Animals: Playful Puppy.. V29,990,20,792.00,,img_bc34be1da1b0.jpeg,0
31383,Floral Decor Perfume Bottle,1590,20,1272.00,,img_bc34be1da1b0.jpeg,0
31384,Wild Animals: Colorful Hummi.. V29,990,20,792.00,,img_bc34be1da1b0.jpeg,0
31385,Sea Animals: Beautiful Dolph.. V29,2790,30,1953.00,,img_bc34be1da1b0.jpeg,0
31386,Wild Animals: Majestic Lion,3390,20,2712.00,,img_bc34be1da1b0.jpeg,0
31387,Iconic Pirate Ship,5490,20,4392.00,,img_bc34be1da1b0.jpeg,0
31388,Wild Animals: Family of Koalas,5490,20,4392.00,,img_bc34be1da1b0.jpeg,0
31389,Iconic Ferris Wheel,4790,20,3832.00,,img_bc34be1da1b0.jpeg,0
31390,Floral Art Decor Painting,1590,20,1272.00,,img_bc34be1da1b0.jpeg,0
31391,Art Fashion Bag with Storage,1590,20,1272.00,,img_bc34be1da1b0.jpeg,0
31392,Music Decor Piano with Cat,2190,20,1752.00,,img_bc34be1da1b0.jpeg,0
31393,Forest Animals: Gray Wolf,2790,20,2232.00,,img_bc34be1da1b0.jpeg,0
31394,Cute Animals: Red Panda,1590,15,1351.50,,img_bc34be1da1b0.jpeg,0
31395,Cute Animals: Red Panda (alt row 415),415,25,311.25,,img_bc34be1da1b0.jpeg,1
40220,LONDON BUS V29,790,,"Buy 1 Get 1","Buy 1 Get 1",img_bc34be1da1b0.jpeg,0
40460,ROSES V46,790,,"Buy 1 Get 1","Buy 1 Get 1",img_bc34be1da1b0.jpeg,1
40468,YELLOW TAXI V29,300,25,225.00,,img_bc34be1da1b0.jpeg,1
40516,MINIFIGURE RAINBOW,1190,25,892.50,,img_bc34be1da1b0.jpeg,0
40518,High-Speed Train V29,840,25,630.00,,img_bc34be1da1b0.jpeg,0
40519,New York Postcard V29,630,25,472.50,,img_bc34be1da1b0.jpeg,0
40524,LEGOA SUNFLOWERS V29,790,,"Buy 1 Get 1","Buy 1 Get 1",img_bc34be1da1b0.jpeg,0
40569,London Postcard V29,480,25,360.00,,img_bc34be1da1b0.jpeg,0
40613,Mini Disney Palace of Agrabah V29,1410,25,1057.50,,img_bc34be1da1b0.jpeg,0
40619,EVE & WALL-E V29,535,25,401.25,,img_bc34be1da1b0.jpeg,0
40647,Lotus Flowers V29,690,,"Buy 1 Get 1","Buy 1 Get 1",img_bc34be1da1b0.jpeg,0
40649,Up-Scaled LEGO Minifigure V29,1765,30,1235.50,,img_bc34be1da1b0.jpeg,0
40650,Land Rover Classic Defender V29,505,25,378.75,,img_bc34be1da1b0.jpeg,0
40669,Iron Man MK5 Figure V29,390,25,292.50,,img_bc34be1da1b0.jpeg,0
40674,Stitch V29,390,25,292.50,,img_bc34be1da1b0.jpeg,0
40678,Festival Calendar V29,1090,70,327.00,,img_bc34be1da1b0.jpeg,0
40713,Japan Postcard V29,590,25,442.50,,img_bc34be1da1b0.jpeg,0
40715,Alien Pack V29,590,70,177.00,,img_bc34be1da1b0.jpeg,0
40716,Alien Planet Habitat V29,590,70,177.00,,img_bc34be1da1b0.jpeg,0
40719,Traditional Chess Set V29,2790,25,2092.50,,img_bc34be1da1b0.jpeg,0
